,지역,활동내용,가격,활동구분,평점,후기 수,위도,경도
0,경기도,[경기 용인] 동백 스포랜드 골프체험권,"8,900원",골프,5,6,37.27506,127.14671
1,경기도,[남이섬] 가평 가평탑랜드 번지점프,"30,000원",익스트림,4.4,14,37.80612,127.52617
2,경기도,[경기 여주] 자연촌 참숯마을,"7,900원",실내이색체험,3.8,5,37.28902,127.69937
3,경기도,[경기 용인] 스카이 패러글라이딩,"80,000원",패러글라이딩,5,2,37.31431,127.26262
4,경기도,[코로나19 힐링] 봉선사 주말 혼합형 템플스테이 (경기도/남양주),"70,000원",실내이색체험,5,2,37.74648,127.18334
5,경기도,양평 패러글라이딩 체험 비행 - 미래항공스포츠 (대한민국/경기도),"110,000원",패러글라이딩,4.6,5,37.55912,127.46325
6,경기도,[휴식형 템플스테이] 코로나19 탈출!!! 템플 '콕' 봉선사 (대한민국/남양주),"50,000원",실내이색체험,5,4,37.74648,127.18334
7,경기도,[경기 가평] 가평레져벨리카트장,"15,000원",카트/루지,4,1,37.77025,127.37047
8,경기도,[경기 수원] 플라잉수원,"17,000원",익스트림,4.5,2,37.2873,127.02605
9,경기도,[경기 용인] 플라이스테이션,"52,800원",실내이색체험,,,37.28172,127.19993
10,경기도,[경기 양평] 양평패러글라이딩 미래항공스포츠,"110,000원",패러글라이딩,,,37.28172,127.19993
11,경기도,[경기 용인] 아트리 파라다이스,"10,500원",골프,,,37.31403,127.10886
12,경기도,[경기/포천] 베어스타운 신스키 스키&보드 강습,100원,스키,5,1,37.79672,127.24829
13,경기도,[경기/협의] 누구나 다 배울 수 있는 프리다이빙! (레벨2/2일 과정) ,"300,000원",수중체험,5,1,37.2901,127.03545
14,경기도, (지산리조트) 평생 써먹을 수 있는 스키타는법 엣지있게 배우기 (스키강습),"80,000원",스키,5,1,37.21706,127.32399
15,경기도,[경기 남양주] 더드림핑 웨이브서프&수상레저(-4/30),"19,900원",요트/서핑/보트,,,37.65,127.37
16,경기도,[경기/수원] 5m 잠수풀에서 누구나 즐길 수 있는 체험 프리다이빙!,"50,000원",수중체험,,,37.2901,127.03545
17,경기도,[경기 김포] 야옹이 행성,"9,000원",실내이색체험,,,37.63,126.69
18,경기도," (지산리조트) 시즌 강습 5회, 이번 시즌 스키 완전 정복! 인클라인스키","660,000원",스키,,,37.21698,127.34483
19,경기도, (지산/곤지암리조트) 8회 스페셜 코치와 함께하는 시즌 강습,"1,500,000원",스키,,,37.21698,127.34483
20,경기도, (지산리조트) 프라이빗 쉽고 안전한 스키여행 인클라인스키,"70,000원",스키,,,37.21698,127.34483
21,경기도,(곤지암리조트) 최광휘 스키 데몬스트레이터와 함께하는 프리미엄 스키 강습,"280,000원",스키,,,37.33724,127.2953
22,경기도,[경기 안산] 안산 선부 클라이밍,"9,900원",실내이색체험,,,37.33274,126.81166
23,경기도,*35%할인*[서울/경기] 프리다이빙 원데이 자격증 따기 (예약 가능),"130,000원",수중체험,,,37.51113,127.07238
24,경기도,[체험여행] 인천 을왕리 바다보석 체험투어,"70,000원",실외이색체험,, ,37.44773,126.3725
25,경기도,[파주 헤이리] 키즈테마카페+박물관 : 이색키즈테마파크,"3,200원",실내이색체험,,,37.79153,126.69621
26,경기도,[경기 가평] 가평 짚라인 숙박패키지,"5,000원",익스트림,,,37.83981,127.4557
27,경기도,[경기 이천] 파밀리에 승마장 승마체험,"30,000원",승마/트레킹,,,37.14643,127.52962
28,서울,[서울 송파] 롯데월드 아이스링크,"12,000원",실내이색체험,4.5,45,37.5997,127.02123
29,서울,[서울 강남] 클라임이모션,"13,500원",실내이색체험,4.6,5,37.49777,127.04097
30,서울,[서울 목동] 종합사격장 이용권,"8,900원",실내이색체험,4.4,7,37.53062,126.88075
31,서울,[서울 노원] 이창현 노원클라이밍센터,"15,000원",실내이색체험,4.3,3,37.65679,127.06585
32,서울,[서울 중구]  남대문 실탄 사격장,"25,000원",실내이색체험,5,3,37.56069,126.97749
33,서울,[서울 잠실] 레전드 히어로즈 : 이색체험테마파크,"12,800원",실내이색체험,5,1,37.52112,127.10317
34,서울,[서울 동대문구] 클럽롤러힐 롤러스케이트장,"3,000원",실내이색체험,5,1,37.57328,127.06381
35,서울,[서울 강남] 슈터스클럽 사격장,"6,500원",실내이색체험,5,1,37.50345,127.02609
36,서울,[서울/서초] 한강 세빛섬 레인보우브릿지 요트투어 (반려견 동반 가능),"21,000원",요트/서핑/보트,5,1,37.51508,126.99472
37,서울,[서울/제주] 1박2일 스쿠버다이빙 자격증 코스,"99,000원",수중체험,,,37.5211,127.12662
38,서울,[서울 노원] 피노파밀리아 시즌3,"5,000원",실내이색체험,,,37.65,127.08
39,서울,[서울 혜화] 리얼샷,"2,500원",실내이색체험,,,37.56965,126.96814
40,서울,[서울/서초] 한강 세빛섬 리무진 보트투어 (반려견 동반 가능),"18,000원",요트/서핑/보트,,,37.51137,126.99468
41,서울,[서울/종로] 개성 만점! 나만을 담는 디지털 라이브 캐리커처,"15,000원",실내이색체험,,,37.57351,126.98485
42,서울,[서울 / 압구정] 리버시티 수상 스포츠,"20,000원",익스트림,,,37.5295,127.02017
43,서울,[서울/종로] 꼬장맨 리얼샷,"3,400원",실내이색체험,,,37.57,126.99
44,서울,[서울 강동] 판타지보이 롤러스케이트클럽,"14,400원",실내이색체험,,,37.54,127.12
45,서울,[서울 노원] 비숍 클라이밍,"25,000원",실내이색체험,,,37.65,127.06
46,충청남도,[충남 대천] 짚트랙,"15,000원",익스트림,4.9,7,36.32016,126.51001
47,충청남도,[부여 열기구 체험] 백마강을 따라 떠나는 1박2일 체험 (부여),"180,000원",실외이색체험,5,2,36.46646,127.13289
48,충청북도,[충북/단양] 국가대표와 함께하는 단양짱패러글라이딩,"75,000원",패러글라이딩,5,3,37.00248,128.40054
49,충청북도,[충북 단양] 패러마을 패러글라이딩,"74,000원",패러글라이딩,4,2,37.00019,128.40006
50,충청북도,[충북 단양] 코리아 패러글라이딩,"74,000원",패러글라이딩,5,1,37.00148,128.39989
51,충청남도,"[충남/태안] 안면도 꽃지카트장&ATV,고카트","18,500원",카트/루지,,,36.9965,128.39677
52,충청북도,[충북 단양] 드림레저패러글라이딩,"74,000원",패러글라이딩,4.3,3,36.98006,128.36997
53,충청남도,[골프/충남] 태안 현대더링스CC,"230,000원",골프,5,1,36.74406,126.33722
54,충청북도,[골프/충북] 보은 클럽디속리산,"258,000원",골프,,,36.44735,127.78193
55,충청북도,[골프/충북] 증평 블랙스톤 벨포레CC,"230,000원",골프,,,36.83901,127.58208
56,충청북도,[충북 단양] HKC 한국 패러글라이딩,"80,000원",패러글라이딩,,,36.9947,128.39455
57,충청북도,[충북/충주] 1박 2일 옹달샘 자연명상 스테이 ,"137,000원",실내이색체험,,,37.03858,127.75432
58,충청남도,[골프/충남] 부여 롯데스카이힐 부여CC,"285,000원",골프,,,36.30405,126.90947
59,충청북도,[골프/충북] 보은 클럽디보은CC,"230,000원",골프,,,36.50953,127.69073
60,경상북도,[골프/경북] 블루원상주CC,"355,000원",골프,,,36.33401,127.9459
61,충청북도,[골프/충북] 청주 떼제베CC,"282,000원",골프,,,36.66562,127.31903
62,충청남도,[골프/충남] 태안 골든베이CC,"280,000원",골프,,,36.7074,126.17313
63,충청북도,[충북 단양] 더쎈패러글라이딩,"75,000원",패러글라이딩,,,36.99985,128.39625
64,충청남도,[충남 대천] 국가대표 패러글라이딩,"85,000원",패러글라이딩,,,36.33,126.61
65,충청북도,[골프/충북] 서산 서산수CC,"270,000원",골프,,,36.99221,126.44335
66,충청북도,[골프/충북] 보은 클럽디속리산 & 클럽디보은,"290,000원",골프,,,36.44735,127.78193
67,강원도,[강원 춘천] 중도 물레길카누,"9,000원",요트/서핑/보트,4.6,14,37.87186,127.69035
68,강원도,[강원/춘천] 춘천 레일바이크ㅣ철길과 두발만 있다면 어디든 갈 수 있어,"35,000원",실외이색체험,5,1,37.84586,127.71163
69,강원도,[강원 춘천] 강촌 ATV 북청레저,"4,000원",카트/루지,,,37.8078,127.63893
70,강원도,[강원 춘천] 강촌역 레저 호야네+ATV+카트+서바이벌,"4,000원",카트/루지,,,37.93725,127.64155
71,강원도,[강원도/춘천] 북한강 포시즌 수상레저,"37,800원",요트/서핑/보트,5,1,37.77699,127.53901
72,강원도,[강원/춘천] 춘천 중도물레길 카누ㅣ삽질말고 노질할래?,"9,500원",요트/서핑/보트,,,37.87186,127.69035
73,강원도,"[춘천 자전거렌트+카누체험] 켠김에 왕까지, 탄김에 카누까지","19,000원",요트/서핑/보트,,,37.88577,127.71816
74,강원도,[강원/춘천] 엘리시안 강촌 퍼블릭골프,"32,000원",골프,,,37.82221,127.58983
75,강원도,[강촌] 잠빌 레저 카트+ ATV사륜바이크 자유투어,"15,000원",카트/루지,,,37.80604,127.63715
76,강원도,[강원 양양] 몬스터서퍼스,"15,000원",요트/서핑/보트,3,2,38.00669,128.72989
77,강원도,[강원 평창] 조나단 패러글라이딩,"90,000원",패러글라이딩,3,1,37.37562,128.41103
78,강원도,[강원 속초] 바다서프 서핑 강습,"65,000원",요트/서핑/보트,4.3,3,38.18622,128.60537
79,강원도,[강원 고성] 고고비치서프 서핑 입문 강습 + 종일 렌탈패키지,"70,000원",요트/서핑/보트,5,2,37.84973,127.53614
80,강원도,[골프/강원] 원주 명문CC,"407,000원",골프,4.3,3,37.43829,127.81378
81,강원도,[강촌/가평] 레저클럽 ATV/카트/서바이벌/스쿠터,"4,000원",카트/루지,,,38.81162,127.63569
82,강원도,[골프/강원] 설악 썬밸리CC,"312,000원",골프,5,1,38.31573,128.50661
83,강원도,[골프/강원] 횡성 알프스대영CC,"315,000원",골프,,,37.46342,128.07232
84,강원도,[강원/양양] 남애서프클럽 서핑강습&렌탈,"10,000원",요트/서핑/보트,5,2,37.94567,128.78257
85,강원도,[강월 영월] 동강래프팅 어라연코스와 풀패키지,"25,000원",익스트림,,,37.21732,128.52296
86,강원도,[강원 인제] 엑스게임 번지점프&슬링샷,"15,000원",익스트림,,,38.10458,128.19165
87,강원도,[쿠폰즉시할인] 20/21 비발디파크 스키 월 패스권,"140,000원",스키,,,37.64676,127.68131
88,강원도,[강원 고성] 청정해변에서 아이와 함께 안전하게 배우는 서핑 초보강습    ,"69,000원",요트/서핑/보트,,,38.32887,128.52741
89,강원도,[골프/강원] 태백 오투CC,"145,000원",골프,,,37.15956,128.94883
90,강원도,[골프/강원] 평창 알펜시아700CC,"200,000원",골프,,,37.65308,128.66052
91,강원도,[쿠폰즉시할인] 알펜시아 20/21 시즌권 2차 (~`21.01.31까지),"150,000원",스키,,,37.66237,128.65636
92,강원도,[강원/양양] 배럴 서프 스쿨,"80,000원",요트/서핑/보트,5,1,37.96996,128.76189
93,강원도,(비발디) (레슨온리) 스키강습 제이스키 스키스쿨,"120,000원",스키,5,1,37.64814,127.68312
94,강원도,[강원/고성] 서프오션 고성,"15,000원",요트/서핑/보트,5,1,38.31683,128.53168
95,강원도,[골프/강원] 삼척 블랙밸리CC,"180,000원",골프,3,1,37.22435,129.06862
96,강원도,[골프/강원] 평창 알펜시아(명문코스)CC,"270,000원",골프,5,1,37.65443,128.67173
97,강원도,[강원 평창] 알파인코스터 입장권,"14,300원",익스트림,,,37.65443,128.67173
98,강원도,[강원 인제] 인제 짚트랙,"28,000원",익스트림,,,38.01051,128.23834
99,강원도,(휘닉스파크) 현 프로선수와 함께하는 스노우보드 강습,"200,000원",스키,,,37.5835,128.32577
100,강원도,[강원/정선] (하이원) 이영하 프로의 스노우보드 강습,"300,000원",스키,,,37.20745,128.82531
101,강원도,(비발디) (풀패키지) 스키강습 제이스키 스키스쿨,"168,000원",스키,,,37.63814,127.68412
102,강원도,(휘닉스파크) 프라이빗 스노우보드 강습,"80,000원",스키,,,37.5835,128.32577
103,강원도,(휘닉스파크) 평생 써먹을 수 있는 스키타는법 엣지있게 배우기 (스키강습),"80,000원",스키,,,37.5835,128.32577
104,강원도,[골프/강원] 홍천 명문CC,"764,400원",골프,,,37.88152,128.08809
105,강원도,[골프/강원] 평창 휘닉스CC,"322,000원",골프,,,37.5897,128.33548
106,강원도,[골프/강원] 평창 용평GC&버치힐CC,"285,000원",골프,,,37.65728,128.70556
107,강원도,[골프/강원] 횡성 웰리힐리CC,"302,000원",골프,,,37.47379,128.23392
108,강원도,[골프/강원] 평창 알펜시아700CC& 강릉 샌드파인CC,"286,000원",골프,,,37.80025,128.88032
109,강원도,[골프/강원] 삼척 파인밸리CC,"255,000원",골프,,,37.37706,129.20538
110,강원도,[골프/강원] 고성 파인리즈CC,"325,000원",골프,,,38.25082,128.5385
111,강원도,[골프/강원] 속초 프라자CC,"265,000원",골프,,,38.20996,128.53543
112,강원도,"묵호, 서핑에 빠지다","70,000원",요트/서핑/보트,,,37.54991,129.10961
113,강원도,[강원 양양] 양양 기사문 38서프,"20,000원",요트/서핑/보트,,,38.01,128.73
114,강원도,[강원 영월] 동강 코리아래프팅 pkg,"25,000원",익스트림,,,37.23265,128.51298
115,강원도,(휘닉스파크) 프리미엄 스노우보드 강습 ,"200,000원",스키,,,37.5835,128.32577
116,강원도, (하이원/휘닉스) 최광휘 스키 데몬스트레이터와 함께하는 프리미엄 스키 강습,"280,000원",스키,,,37.25516,128.81633
117,전라남도,[전남] 여수 유월드 루지 테마파크 패밀리 추천상품(3월~),"17,900원",카트/루지,4.5,2,34.748,127.64122
118,전라남도,[전남] 여수 유월드 루지 테마파크 커플 추천상품(3월~),"17,900원",카트/루지,4,3,34.748,127.64122
119,전라남도,[전남 여수] 프린세스 요트 코리아 요트투어,"32,000원",요트/서핑/보트,4.9,8,34.74456,127.75051
120,전라남도,[전남/여수] 여수 아그리나 요트투어 주간/야간 이용권,"34,000원",요트/서핑/보트,5,1,34.74474,127.67388
121,전라남도,[전남 여수] 미남크루즈 여수밤바다 4월,"7,000원",크루즈,4.8,4,34.77462,127.74469
122,전라남도,[전남/여수] 국가대표 패러글라이딩,"89,000원",패러글라이딩,4.7,6,34.73289,127.73703
123,전라남도,[골프/전남] 여수 세이지우드CC,"337,000원",골프,5,1,34.71684,127.74823
124,전라남도,"[전남/여수] 지오클럽 파라세일링,익스트림보트,카타마란요트","15,000원",요트/서핑/보트,5,1,34.70678,127.70349
125,전라남도,[전남/여수] 라마다 여수 해상 짚트랙,"22,500원",익스트림,,,34.74567,127.67348
126,전라남도,[전남/여수] 페가소스요트와 함께하는 낭만여수투어,"35,000원",요트/서핑/보트,,,34.74483,127.67387
127,전라남도,[전남 여수] 퍼스트 요트투어,"35,000원",요트/서핑/보트,,,34.74481,127.67393
128,전라남도,[골프/전남] 여수 디오션CC,"240,000원",골프,,,34.65225,127.62963
129,전라남도,[전남] 여수 유월드 루지테마파크+사랑의 자물쇠 PKG(3월~),"21,900원",카트/루지,,,34.74794,127.64125
130,전라남도,[전남/여수] 오동도 모터보트(갈매기호),"48,000원",요트/서핑/보트,,,34.74291,127.75904
131,전라남도,[전남/여수] 요트 타고 떠나는 힐링 라이프 인 금오도 1박 2일 투어,"500,000원",요트/서핑/보트,,,34.74567,127.67357
132,전라남도,[전남/여수] 한국요트의 역사를 함께한 코리아요트스쿨,"20,000원",요트/서핑/보트,,,34.73838,127.65027
133,전라남도,[전남/여수] 신우요트 바이킹호 주간/야간 투어,"35,000원",요트/서핑/보트,,,34.74566,127.67358
134,전라남도,[골프/전남] 여수 디오션CC&세이지우드CC(구.여수경도),"347,000원",골프,,,34.70759,127.73099
135,전라남도,[전남/여수] 여수 아일랜드 sea에코 당일투어,"99,000원",실외이색체험,,,34.75335,127.74899
136,전라남도,[전남/여수] 여수 아일랜드 캠핑 에코투어,"145,000원",실외이색체험,,,34.75335,127.74899
137,전라남도,[전남/여수] 엑스포카트 & 해상 케이블카 패키지,"16,300원",카트/루지,4.5,2,34.74353,127.75471
138,전라남도,[전남/담양] 담양 에어로마스터 경비행기 체험 (사전예약 필수),"56,000원",익스트림,5,1,35.34692,127.02847
139,전라남도,[골프/전남] 영암 사우스링스영암CC 4인패키지,"229,000원",골프,,,34.73928,126.42488
140,전라남도,[골프/전남] 영암 사우스링스영암CC 2인패키지,"255,000원",골프,5,1,34.73928,126.42488
141,전라북도,[전북 군산] 패러글라이딩 스쿨,"75,000원",패러글라이딩,4.7,3,36.00017,126.78996
142,전라북도,[골프/전북] 남원 드래곤레이크CC,"200,000원",골프,,,35.43524,127.34147
143,전라북도,[전북/전주] 한옥 레일 바이크 탑승권,"18,000원",실외이색체험,,,35.83043,127.17587
144,전라남도,[골프/전남] 여수 세이지우드CC,"337,000원",골프,5,1,34.71333,127.72511
145,전라남도,[골프/전남] 순천 골프존카운티 순천CC,"150,000원",골프,5,2,35.05337,127.30504
146,전라북도,[골프/전북] 고창CC,"205,000원",골프,,,35.51609,126.5023
147,전라북도,[골프/전북] 무주 덕유산CC,"235,000원",골프,,,35.88474,127.72315
148,전라북도,[골프/전북] 고창 석정힐CC,"220,000원",골프,,,35.42589,126.73894
149,전라남도,[전남/보성] 벌교의 청년과 함께 하는 '벌교 체험 패키지' 투어,"20,000원",실외이색체험,,,34.8476,127.33883
150,전라북도,[전북 순창] 총댕이 서바이벌 체험 패키지,"69,900원",실외이색체험,,,35.52404,127.01442
151,전라남도,[골프/전남] 화순 화순권 골프,"245,000원",골프,,,34.79186,126.90928
152,전라남도,[골프/전남] 나주 골드레이크CC,"299,000원",골프,,,34.9596,126.87342
153,전라남도,[골프/전남] 해남 파인비치CC,"297,000원",골프,,,34.69774,126.26122
154,전라북도,[골프/전북]  장수CC,"195,000원",골프,,,35.6793,127.59659
155,전라남도,[골프/전남] 화순권CC & 해피니스CC,"285,000원",골프,,,34.79186,126.90928
156,전라남도,[골프/전남] 순천 승주CC,"282,000원",골프,,,34.90178,127.4486
157,전라남도,[골프/전남] 화순 화순권CC &골드레이크CC,"255,000원",골프,,,35.6793,127.59659
158,전라남도,[골프/전남] 보성CC,"180,000원",골프,,,34.81706,126.75635
159,전라남도,[골프/전남] 강진 다산베아채CC,"210,000원",골프,,,34.55094,127.22147
160,전라남도,[골프/전남] 영암 아크로CC,"210,000원",골프,,,34.86709,126.78913
161,전라남도,[골프/전남] 영광CC,"230,000원",골프,,,35.35536,126.41153
162,전라남도,[골프/전남] 담양 레이나CC,"220,000원",골프,,,35.3103,127.01734
163,전라북도,[골프/전북] 남원 상록CC,"180,000원",골프,,,35.41801,127.29719
164,전라남도,[골프/전남] 장흥 JNJ(정남진)CC,"205,000원",골프,,,34.79944,126.96991
165,전라남도,[골프/전남] 순천 파인힐스CC ,"199,000원",골프,,,35.03461,127.27235
166,전라남도,[전남 곡성] 기차마을 패러글라이딩,"100,000원",패러글라이딩,,,36.98,128.37
167,전라북도,[전북] 반려동물과 함께하는 캠핑(차박) 상품,"38,900원",실외이색체험,,,35.71616,127.04818
168,전라북도,[전북 남원] 나도 비행기조종사 k-1항공,"55,000원",익스트림,,,35.46018,127.42995
169,부산,[부산 해운대]  G퍼블릭투어 : 요트체험,"12,000원",요트/서핑/보트,4.9,54,35.16113,129.14052
170,부산,[부산 해운대] 보트앤 요트투어 : 요트체험,"20,000원",요트/서핑/보트,4.6,10,35.1612,129.14044
171,부산,[부산/해운대] 더베이101 요트클럽 : 요트투어,"10,000원",요트/서핑/보트,4.6,9,35.16307,129.16351
172,부산,[부산 해운대] 송정서핑 / 해운대 캐치웨이브 서핑강습,"39,900원",요트/서핑/보트,5,3,35.18127,129.20301
173,부산,[부산/광안리] 서프마린 패들보드 강습 & 장비 대여,"40,000원",요트/서핑/보트,4.5,6,35.16945,129.11751
174,부산,[부산 해운대] 벡스코 상상체험 키즈월드,"13,500원",키즈,4.5,2,35.16594,129.13502
175,부산,[부산 해운대] 요트탈래 : 요트투어,"10,000원",요트/서핑/보트,4,2,35.15655,129.15236
176,부산,[부산/해운대] 요트포유 부산 요트투어 (퍼블릭/프라이빗),"20,000원",요트/서핑/보트,5,1,35.15987,129.1397
177,부산,[부산/해운대] 데일리스 요트,"20,000원",요트/서핑/보트,5,2,35.18026,129.2009
178,부산,[부산 해운대] 서핑강습 써피써피,"25,000원",요트/서핑/보트,5,2,35.16008,129.14053
179,부산,[부산/해운대] 서프베이 서핑 강습,"50,000원",요트/서핑/보트,4,1,35.17661,129.1964
180,부산,[부산 진구] 콩VR : VR체험,"4,500원",실내이색체험,2,2,35.15987,129.15957
181,부산,[부산 해운대] 부산요트투어 더요트,"10,000원",요트/서핑/보트,,,35.16375,129.14088
182,부산,[부산/송정] 멜로우서프 서핑강습 & 장비 대여,"65,000원",요트/서핑/보트,,,35.17929,129.19848
183,부산,[부산/송정] 서프로드 서핑 강습,"50,000원",요트/서핑/보트,5,2,35.18132,129.20218
184,부산,"[부산/송정] 서퍼들의 쉼터, 엉클서프와 함께하는 서핑체험 ","20,000원",요트/서핑/보트,,,35.1812,129.20195
185,부산,[부산/해운대] 리버크루즈 탑승권 (주/야간),"10,000원",크루즈,,,35.1679,129.12766
186,부산,[부산 광안리] 광안리 요트투어,"10,000원",요트/서핑/보트,,,35.16025,129.13933
187,부산,[부산 북구] 화명 수상레포츠타운,"7,900원",요트/서핑/보트,,,35.2203,128.99893
188,부산,[부산/해운대] 와우요트 퍼블릭 투어,"30,000원",요트/서핑/보트,,,35.16037,129.14079
189,부산,[부산/해운대] 특별한 추억을 만드는 요트 스테이,"180,000원",요트/서핑/보트,,,35.16112,129.14052
190,부산,[부산/해운대] 부산 해운대 프라이빗 요트 투어 ,"230,000원",요트/서핑/보트,,,35.16016,129.14056
191,부산,[부산/해운대] 부산 해운대 퍼블릭 요트 투어,"30,000원",요트/서핑/보트,,,35.16016,129.14056
192,부산,[부산/해운대] 요트랑 요트투어,"20,000원",요트/서핑/보트,,,35.16112,129.14058
193,부산,[부산/송정] 서프닥터와 함께하는 소수강습 서핑,"55,000원",요트/서핑/보트,,,35.17576,129.19694
194,부산,[부산/송정] 서프홀릭과 함께하는 부산바다 서핑,"65,000원",요트/서핑/보트,,,35.18018,129.20059
195,부산,[부산/광안] 솔게스트하우스 광안리 서핑 체험 클래스,"50,000원",요트/서핑/보트,,,35.16131,129.11665
196,부산,[부산/해운대] 와우 요트투어,"20,000원",요트/서핑/보트,,,35.16016,129.14056
197,부산,[부산/해운대] 요트포유 부산 요트스테이 1박,"450,000원",요트/서핑/보트,,,35.15902,129.14097
198,부산,[부산/송정] 송정 해수욕장에서 즐기는 몽키서프,"65,000원",요트/서핑/보트,,,35.17667,129.19588
199,부산,[부산 해운대] 와우 요트 퍼블릭 투어,"9,000원",요트/서핑/보트,,,35.16016,129.14056
200,부산,[부산] 해운대 요트투어,"10,000원",요트/서핑/보트,,,35.15673,129.15013
201,부산,[부산 해운대] 요트월드 : 요트투어,"10,000원",요트/서핑/보트,,,35.16091,129.13862
202,부산,[부산 해운대] 부산 요트 투어,"10,000원",요트/서핑/보트,,,35.16016,129.14056
203,부산,[부산 해운대] 낭만요트,"20,000원",요트/서핑/보트,,,35.16016,129.14056
204,부산,[부산/해운대] 요트홀릭 부산 럭셔리 요트 투어,"30,000원",요트/서핑/보트,,,35.159765,129.14074
205,경상북도,[경북 상주] 활공랜드,"65,000원",패러글라이딩 ,4.3,4,36.46464,128.2747
206,경상남도,[경남 합천] 합천 국보테마파크 루지 이용권,"10,000원",카트/루지,4.5,2,35.58332,128.09173
207,경상남도,[경남 통영] 오션브리즈 요트투어,"14,000원",요트/서핑/보트,5,9,34.81158,128.429
208,경상남도,[경남 통영] 스카이라인 루지 통영,"35,000원",카트/루지,4.7,6,34.82488,128.42434
209,경상북도,[경북 경주] 경주 입실온천&골프(구 그린힐스파),"5,100원",골프,5,1,35.71705,129.33795
210,경상북도,[경북 경주] 캠프VR 경주 밀레니엄점,"16,000원",실내이색체험,5,4,35.83872,129.28783
211,경상남도,[통영인기] 어드벤처타워 이용권,"9,600원",익스트림,,,34.825,128.42239
212,경상남도,[통영인기]  VR존 이용권,"9,600원",실내이색체험,,,34.8473,128.42375
213,경상북도,[골프/경북] 예천 한맥CC,"215,000원",골프,,,36.65832,128.5211
214,경상북도,[경북 포항] 요트데이 요트투어,"15,000원",요트/서핑/보트,5,1,36.06707,129.38408
215,경상남도,[골프/경남] 거제 드비치 CC - 별도문의,"365,000원",골프,,,35.01514,128.67376
216,경상남도,[경남 통영] 아시아최대규모 더 카트 인 통영,"15,200원",카트/루지,,,34.90631,128.3536
217,대구,[대구] 아이니 키즈 시티랜드,"5,000원",키즈,,,35.88537,128.58981
218,경상남도,[경남/양산] (에덴밸리리조트) SM 스키캠프,"149,600원",스키,,,35.42967,128.98545
219,경상북도,[경북/청도] 곤충으로 하나된 가족! 청도 곤충체험 (We are bug's family),"60,000원",실내이색체험,,,35.69951,128.57443
220,경상남도,[경남/거제] 거제의 액티비티는 리우수상레저,"50,000원",요트/서핑/보트,,,35.00849,128.70425
221,경상북도,[골프/경북] 구미CC & 팔공CC,"270,000원",골프,,,36.16935,128.48648
222,경상북도,[골프/경북] 구미CC,"245,000원",골프,,,36.16935,128.48648
223,경상북도,[골프/경북] 경산 대구CC,"330,000원",골프,,,35.8711,128.81104
224,경상북도,[골프/경북] 경산 인터불고CC & 대구CC,"340,000원",골프,,,35.79604,128.76271
225,경상북도,[골프/경북] 경산 인터불고CC,"360,000원",골프,,,35.79604,128.76271
226,경상북도,[골프/경북] 경산 대구CC & 팔공CC,"315,000원",골프,,,35.8711,128.81104
227,경상북도,[골프/경북] 경산 인터불고 CC& 팔공 CC,"325,000원",골프,,,35.79604,128.76271
228,경상남도,[골프/경남] 함양 장수CC & 스카이뷰GC - 별도문의,"169,000원",골프,,,35.68802,127.7169
229,경상남도,[골프/경남]  거제뷰CC,"230,000원",골프,,,34.8808,128.58917
230,경상남도,[골프/경남] 고성 노벨CC,"265,000원",골프,,,35.07011,128.40544
231,경상남도,[골프/경남] 합천 아델스코트CC,"235,000원",골프,,,35.70077,128.08564
232,경상남도,[골프/경남] 드비치CC&거제뷰CC,"300,000원",골프,,,35.01601,128.67392
233,경상남도,[골프/경남] 사천 타니CC,"240,000원",골프,,,35.09956,128.01597
234,경상북도,[골프/경북] 영덕 오션비치CC,"233,000원",골프,,,36.33981,129.37387
235,대구,[대구 동구] 대구 아이스파크,"9,000원",실내이색체험,,,35.89,128.65
236,경상북도,[경북/울릉도] 울릉도 스쿠버 다이빙 체험 다이빙(학포 해수욕장),"105,000원",수중체험,,,37.50944,130.80379
237,제주도,[서귀포] 윈드카트 1947 이용권,"16,000원",카트/루지,4.6,171,33.2892,126.58764
238,제주도,[서귀포] 대유 ATV 수렵 사격랜드 (권총 사격/클레이 사격/ATV),"9,900원",실외이색체험,4.6,36,33.27794,126.39535
239,제주도,[서귀포] 제주 실탄 사격장 이용권,"8,000원",실외이색체험,4.7,70,33.26407,126.38521
240,제주도,[중문] 그랑블루요트 선셋 요트투어 (낚시 체험),"28,000원",요트/서핑/보트,4.9,21,33.23841,126.43956
241,제주도,[서귀포] 세리월드 : 카트 1인승,"12,500원",카트/루지,4.5,54,33.24727,126.51222
242,제주도,[대정] 인생 첫 낚시 입문!  채비부터 잡는 노하우까지~ 아름다운 연안에서 낚시하기!,"60,000원",낚시,4.9,29,33.24887,126.20038
243,제주도,"[성산] 뷰 제주하늘(구, 제주랜드) : 승마 오름트래킹코스","34,000원",승마/트레킹,4.5,59,33.41871,126.82934
244,제주도,[서귀포] 서귀포잠수함 ,"35,000원",수중체험,4.4,40,33.23943,126.55865
245,제주도,[구좌] 레일바이크 - 용눈이오름 ,"9,800원",승마/트레킹,4.2,147,33.46297,126.83096
246,제주도,[서귀포] 사계절로 돌아왔다. 선상제철회 런치 서바이벌 요트투어 (낚시체험),"28,000원",요트/서핑/보트,4.7,34,33.23878,126.43949
247,제주도,[조천] 레포츠랜드 : 카트 1인승,"16,000원",카트/루지,4.5,47,33.5012,126.64144
248,제주도,[한림] 새별 ATV 이용권,"25,500원",카트/루지,4.8,6,33.34924,126.35949
249,제주도,[한림] 더마파크 카트 이용권,"9,900원",카트/루지,4.5,26,33.3561,126.24207
250,제주도,[구좌] 제주 해녀의 부엌 Ver2. 부엌 이야기,"39,000원",실내이색체험,4.9,11,33.4985,126.91222
251,제주도,"[한경] 여기가 노을 맛집, 차귀도 요트투어 (+낚시&스노클링)","48,000원",요트/서핑/보트,5,28,33.32473,126.16591
252,제주도,[중문] 얼라이브 카트 ,"12,500원",카트/루지,4.5,24,33.25285,126.42456
253,제주도,[구좌] [할인권] 제주 김녕 요트투어,"35,000원",요트/서핑/보트,4.5,38,33.55865,126.7368
254,제주도,[표선] 조랑말타운 카트+승마,"12,500원",승마/트레킹,4.7,15,33.40993,126.7704
255,제주도,[애월] 겨울에도 따뜻한 제주 곽지해변에서 즐기는 서핑 & 패들보드,"60,000원",요트/서핑/보트,4.7,26,33.45202,126.30757
256,제주도,"[성산] 뷰 제주하늘(구, 제주랜드) : 승마 더블산책코스","17,000원",승마/트레킹,4.8,13,33.41871,126.82934
257,제주도,"[서귀포] 제주의 강태공은 나야나, 쇠소깍 배낚시 체험 2시간","15,000원",낚시,4.9,31,33.24988,126.62071
258,제주도,[성산] 성산스쿠버와 함께하는 스킨스쿠버 체험,"55,000원",수중체험,5,31,33.46156,125.93369
259,제주도,[제주/이호테우해변] 제주 바다를 가장 가까이 즐기는 서핑,"50,000원",요트/서핑/보트,4.6,10,33.49813,126.44938
260,제주도,[구좌] 제주의 별과 달을 보는 오름 야간트레킹(아부/지미),"30,000원",승마/트레킹,4.9,21,33.44932,126.77752
261,제주도,[성산] 성산스쿠버와 함께하는 스킨스쿠버 체험,"55,000원",수중체험,4.4,14,33.23846,126.43963
262,제주도,[중문] *사전예약필수* 그랑블루요트 선상낚시 럭셔리 투어,"28,000원",요트/서핑/보트,4.5,13,33.35425,126.24314
263,제주도,[제주시] 플레이박스 VR_수목원테마파크 이용권,"3,500원",실외이색체험,5,10,33.21086,126.25675
264,제주도,[한림] 더마파크 : 승마 단거리,"7,900원",승마/트레킹,4.1,7,33.21069,126.25676
265,제주도,[한림] 바다보며 타자기 타닥타닥 ASMR 힐링 타임,"23,000원",실내이색체험,4.8,33,33.44607,126.29512
266,제주도,[서귀포] 제주도 체험다이빙 1회(범섬 보트 다이빙),"65,000원",수중체험,3.6,12,33.47087,126.4883
267,제주도,[한경] 차귀도달래배낚시,"11,000원",낚시,4.4,16,33.30938,126.16604
268,제주도,[중문] 그랑블루요트 럭셔리 요트투어 (낚시 체험),"28,000원",낚시,4.7,7,33.23846,126.43963
269,제주도,[구좌]  제주 해녀의 부엌 Ver1. 해녀이야기,"55,000원",실내이색체험,4.9,53,33.49794,126.91236
270,제주도,[표선] 서귀포 '오늘은 카트레이싱',"8,900원",카트/루지,4.5,15,33.23846,126.43963
271,제주도,[중문] *사전예약필수* 그랑블루요트(선셋),"28,000원",요트/서핑/보트,4.3,7,33.38144,126.78827
272,제주도,[애월] 곽지 해변 프라이빗 카라반에서 와인 즐기기,"68,000원",실외이색체험,4.3,9,33.29012,126.69353
273,제주도,[서귀포] 최남단 감귤체험 농장,"4,900원",실외이색체험,4.7,11,33.454,126.30663
274,제주도,[서귀포] 율랜드 스쿠버 다이빙 체험,"85,000원",수중체험,4.9,7,33.24537,126.56711
275,제주도,[한림] 제주액티브파크 클립앤클라임,"23,500원",실내이색체험,5,4,33.38138,126.23609
276,제주도,"[서귀포] 도시어부 in 제주, 천일호 배낚시 2시간","15,000원",낚시,4.4,18,33.39942,126.78518
277,제주도,[구좌] 제주 투명카약/바다카약/스노클링 체험,"8,900원",수중체험,4.1,8,33.23925,126.55866
278,제주도,[표선] 다이나믹메이즈 이용권,"8,700원",실내이색체험,4,6,33.23925,126.55866
279,제주도,[한림] 더마파크 : 승마 장거리,"17,800원",승마/트레킹,4.6,12,33.54176,126.89736
280,제주도,[서귀포] 천일호 배낚시 주간체험낚시 3시간,"30,000원",낚시,4.3,4,33.35425,126.24314
281,제주도,[표선] 프라이빗 해변에서 즐기는 서핑,"60,000원",요트/서핑/보트,4.8,6,33.3343,126.84321
282,제주도,"[성산] 뷰 제주하늘(구, 제주랜드) : 승마 산책코스","15,000원",승마/트레킹,4.3,14,33.41871,126.82934
283,제주도,[서귀포] 퍼시픽랜드 비바제트보트,"15,000원",요트/서핑/보트,5,4,33.23841,126.43953
284,제주도,[중문] 주상절리 제트보트,"12,000원",요트/서핑/보트,5,3,33.24438,126.41733
285,제주도,[중문]  승마장 산책코스,"28,800원",승마/트레킹,5,4,33.24246,126.44533
286,제주도,[안덕] 점보빌리지 코끼리트래킹 체험,"14,500원",승마/트레킹,4,2,33.27644,126.3052
287,제주도,[서귀포] 제주 세리월드 - 승마 단거리 이용권,"5,800원",승마/트레킹,3,3,33.24726,126.51231
288,제주도,[서귀포] 쇠소깍 제트 보트,"13,500원",요트/서핑/보트,4.7,7,33.2507,126.62091
289,제주도,[조천] 삼양해변에서 즐기는 서프앤조이 서핑 강습,"50,000원",요트/서핑/보트,5,3,33.52553,126.58808
290,제주도,[조천] 레포츠랜드 : 짚라인,"18,400원",익스트림,3.8,6,33.48245,126.63885
291,제주도,[서귀포] 중문카트,"15,000원",카트/루지,5,1,33.26441,126.39456
292,제주도,[조천] 레포츠랜드 : 서바이벌,"29,600원",익스트림,3.5,4,33.48245,126.63885
293,제주도,[서귀포] 주상절리 제주제트 파라세일링,"48,000원",패러글라이딩,5,1,33.23851,126.43956
294,제주도,"[서귀포] 고부루 비어스파, 무제한 수제 맥주와 함께 1박 2일","240,000원",실내이색체험,5,5,33.24752,126.55273
295,제주도,[표선] 포니밸리 낙타테마파크 _ 낙타 타기 체험,"6,500원",승마/트레킹,5,2,33.40269,126.77684
296,제주도,[안덕] 하늘여행 행글라이더 이용권,"9,300원",패러글라이딩,4.4,14,33.28868,126.32222
297,제주도,[서귀포] 퍼시픽랜드 요트투어샹그릴라 조조투어,"27,000원",요트/서핑/보트,5,1,33.24445,126.41729
298,제주도,[구좌] 월정서핑스쿨 서핑 강습,"60,000원",요트/서핑/보트,5,1,33.55467,126.7975
299,제주도,[애월] 쿨대니와 함께 마음까지 따뜻해지는 찐 불멍,"44,000원",실내이색체험,5,7,33.43958,126.32831
300,제주도,[표선] 알프스 승마장 포니,"16,000원",승마/트레킹,5,3,33.3988,126.80265
301,제주도,[표선] 목장카페 드르쿰다 승마/카트 체험,"9,000원",승마/트레킹,4.2,5,33.40932,126.77018
302,제주도,"[성산] 뷰 제주하늘(구, 제주랜드) : ATV","15,000원",카트/루지,3,1,33.41871,126.82934
303,제주도,[중문] [템플스테이] 약천사 '나를 돌아보는 시간' (휴식형) ,"50,000원",실내이색체험,5,8,33.24549,126.44965
304,제주도,[안덕] 제주오름 도슨트체험 왕이메오름,"15,900원",승마/트레킹,5,2,33.34311,126.37479
305,제주도,[서귀포]  *바로사용* 제주 세리월드 중거리 승마 체험,"10,600원",승마/트레킹,3,2,33.24726,126.51231
306,제주도,[구좌] 바다위 천연수영장 제주도 바다 스노클링 튜브 물놀이,"50,000원",수중체험,4.9,7,33.556797,126.80565
307,제주도,[표선] 조랑말타운 카트,"9,400원",카트/루지,5,3,33.40941,126.77061
308,제주도,[서귀포] 제주도 스쿠버다이빙 펀다이빙 2회(범섬 보트 다이빙),"110,000원",수중체험,,,33.2353,126.51407
309,제주도,[서귀포] 제주도 스쿠버다이빙 체험다이빙2회+중식 (범섬 보트),"119,000원",수중체험,1,1,33.2353,126.51407
310,제주도,[서귀포] 중문승마공원 더블코스,"17,900원",승마/트레킹,5,2,33.24243,126.44531
311,제주도,[서귀포] 누디다이브 범섬체험 다이빙,"69,000원",수중체험,5,1,33.23722,127.51367
312,제주도,[조천] 제라진 오프로드 이용권,"39,000원",카트/루지,3.8,4,33.48724,126.71594
313,제주도,"[한림] 오름에도 도슨트가 필요해, 금오름 오르기","15,900원",승마/트레킹,5,5,33.35558,126.30568
314,제주도,[한경] *바로사용* 제주카약파크 비체올린,"11,600원",요트/서핑/보트,5,1,33.37075,126.21798
315,제주도,[한경] 힐링카약파크 비체올린 입장권,"10,000원",요트/서핑/보트,,,33.37075,126.21798
316,제주도,[표선] 목장카페 드르쿰다,"9,000원",실외이색체험,,,33.41535,126.77081
317,제주도,[한림] 바다하늘 패러글라이딩 체험,"89,000원",패러글라이딩,5,2,33.35691,126.29679
318,제주도,[대정] 하모해수욕장 씨워킹 ,"37,600원",승마/트레킹,4.9,7,33.21005,126.25638
319,제주도,[구좌] 제주오름 도슨트체험 다랑쉬오름,"15,900원",승마/트레킹,5,3,33.47767,126.82295
320,제주도,[애월] 고스트타운 유령의 집,"6,600원",실내이색체험,5,1,33.47649,126.35705
321,제주도,[우도] 스킨스쿠버 체험다이빙,"90,000원",수중체험,,,33.49692,126.94468
322,제주도,[표선] 조랑말타운 승마,"4,700원",승마/트레킹,4,1,33.40941,126.77061
323,제주도,"[구좌] 아날로그도 괜찮아, 나에게 집중하는 타자기 체험","20,000원",실내이색체험,5,2,33.49172,126.8971
324,제주도,[중문] 중문오프로드체험장_ATV,"20,700원",카트/루지,5,2,33.25754,126.3969
325,제주도,[서귀포] 쇠소깍배낚시캡틴호 주간체험배낚시 3시간,"30,000원",낚시,4,1,33.25001,126.62162
326,제주도,[애월] 고스트타운 고스트메이즈,"6,600원",실내이색체험,5,1,33.47649,126.35705
327,제주도,[한경] 제주 리얼 농촌에서 일주일 살아 보기,"130,000원",실외이색체험,5,3,33.32598,126.2525
328,제주도,[서귀포] 제주도 스쿠버다이빙 오픈워터 자격증교육 (+펜션 무료숙박),"400,000원",수중체험,4,4,33.2355,126.51408
329,제주도,"[제주서쪽] 제주도 프리다이빙 AIDA 1과정 (겨울진행가능, 풀장진행, 라이센스 발급)","200,000원",수중체험,5,2,33.23072,126.29205
330,제주도,[구좌] 제주바다체험장,"8,900원",실외이색체험,4,1,33.55467,126.72183
331,제주도,[서귀포] 홀리데이다이빙  체험 다이빙,"69,000원",수중체험,5,1,33.24108,126.56291
332,제주도,"[애월] 헤어나오기 힘든 매력, 낚시와 함께 제주살이","210,000원",낚시,5,2,33.44695,126.29979
333,제주도,"[서귀포] 럭셔리 끝판왕, 프라이빗 요트로 제주 바다 즐기기","120,000원",요트/서핑/보트,,,33.23824,126.43961
334,제주도,[조천] 제라진 오프로드 이용권,"39,000원",카트/루지,4,1,33.48722,126.71589
335,제주도,[구좌] 수많은 셀럽이 선택한 김녕에서 즐기는 여유로운 패들보드 대여 (1시간/2시간),"21,000원",요트/서핑/보트,5,3,33.55728,126.76091
336,제주도,"[서귀포] 바다 근처, 제주카페 사장님으로 제주살이","450,000원",실내이색체험,,,33.30654,126.77524
337,제주도,[대정] 하모해양레져 패들보드,"24,100원",요트/서핑/보트,,,33.21006,126.25855
338,제주도,[한경] 제주 속 숨은발리찾기 화산 절벽 트레킹과 선셋 스노클링,"100,000원",수중체험,5,1,33.30954,126.16489
339,제주도,[애월] 쉬어가는 카라반 체험 & 곽지/한담 해변 산책 ,"20,000원",승마/트레킹,5,1,33.4509,126.30572
340,제주도,"[구좌] 카약, 스노클링을 통해 맛보는 제주도의 진짜 매력","100,000원",수중체험,4.3,9,33.55681,126.80567
341,제주도,[구좌] 제주 바다를 바라보며 프라이빗 감성 캠핑 즐기기 with 위니드 제주,"100,000원",실외이색체험,5,2,33.55823,126.75984
342,제주도,[서귀포] 서귀포다이브_스쿠버체험,"51,800원",수중체험,,,33.25923,126.63972
343,제주도,[조천] 탱크야 놀자 이용권,"7,000원",카트/루지,,,33.44898,126.71352
344,제주도,"[조천] 우리동네 잠수하는 형 (스노클링, 체험다이빙, 오픈워터 자격증)","20,000원",수중체험,,,33.54785,126.65676
345,제주도,[한경] 차귀도요트! 프라이빗 프리미엄 요트 대여,"800,000원",요트/서핑/보트,,,33.32393,126.16608
346,제주도,[구좌] 송당승마장,"5,000원",승마/트레킹,3,1,33.43599,126.73785
347,제주도,[성산] 이어도 관광승마장,"6,000원",승마/트레킹,,,33.42689,126.86472
348,제주도,[안덕] 서광카트 체험장 탑승권,"11,800원",카트/루지,,,33.28896,126.32156
349,제주도,[애월] 고스트타운 가상 체험관 (령:저주받은인형),"8,700원",실내이색체험,,,33.47648,126.35702
350,제주도,"[애월] 부모님은 커피타임 아이는 꼬물꼬물 오감놀이 체험, 하이파이브 제주","20,000원",실내이색체험,,,33.26126,126.34383
351,제주도,[애월] 그림 같은 숙소와 드로잉으로 힐링하는 제주살이,"510,000원",실내이색체험,5,1,33.45062,126.33059
352,제주도,[서귀포] 서귀포 위미배낚시_남진호,"11,900원",낚시,3,1,33.27533,126.66776
353,제주도,[중문] 중문레져UTV 슈퍼버기카,"63,000원",카트/루지,5,1,33.29129,126.45494
354,제주도,[애월] 노을 진 항구에서 제주 문어 낚시,"60,000원",낚시,5,1,33.44397,126.30863
355,제주도,[서울/제주] 1박2일 스쿠버다이빙 자격증 코스,"99,000원",수중체험,,,33.24066,126.56461
356,제주도,[제주공항근처] 코바 다이빙스쿨 스쿠버다이빙,"9,000원",수중체험,5,1,33.50769,126.47028
357,제주도,[서귀포] 서귀포 앞바다에서  체험다이빙,"45,000원",수중체험,,,33.25915,126.63973
358,제주도,[우도] 우도 스피드 보트,"20,000원",요트/서핑/보트,,,33.25933,126.63971
359,제주도,"[애월] 천천히 숨고르기, 불멍 여행멍","35,000원",실외이색체험,5,1,33.45088,126.3899
360,제주도,[서귀포] 쇠소깍 깡통열차,"6,100원",실외이색체험,,,33.25171,126.61131
361,제주도,[애월] 제주 감성 돌담집 빌려드려요! 우리들만의 추억 만들기,"35,000원",실내이색체험,5,1,33.46194,126.32952
362,제주도,[한경] 익스트림 제트 보트,"32,000원",요트/서핑/보트,,,33.32393,126.16608
363,제주도,[구좌] 세인트포CC&라헨느CC,"239,000원",골프,,,33.52047,126.73861
364,제주도,[애월] 고스트타운 데드프리즌 (VR좀비슈팅),"8,700원",실내이색체험,,,33.47648,126.35702
365,제주도,[애월] 퐁당해양레저 제트보트,"9,900원",요트/서핑/보트,,,33.48437,126.37745
366,제주도,[서귀포] 쇠소깍 배낚시 캡틴호 야간체험 한치낚시 4시간 ,"50,000원",낚시,,,33.25001,126.61262
367,제주도,[한림] 독립서점 속 비밀의 방 제주살이,"395,000원",실내이색체험,5,1,33.38887,126.22975
368,제주도,[구좌] 제주 로컬 러너들과 오름을 걷뛰걷뛰,"30,000원",승마/트레킹,5,1,33.42301,126.83158
369,제주도,[협재] 제주의 일몰과 불멍의 매력 속으로!,"40,000원",실외이색체험,5,1,33.39402,126.23965
370,제주도,[제주동쪽] 아기상어와 함께하는 아쿠아리움 프리다이빙 체험 (프리다이빙 자격증 필요),"140,000원",수중체험,5,1,33.25519,126.42606
371,제주도,[서귀포] 도전! 프리다이빙 제주살이,"405,000원",수중체험,4,1,33.25783,126.56565
372,제주도,[조천] 제주도 프라이빗 반잠수함 수중체험 PKG,"40,000원",수중체험,5,1,33.55105,126.65272
373,제주도,[조천] *바로사용*  캐릭파크 숲속바이크,"14,000원",실외이색체험,2,1,33.47957,126.70094
374,제주도,[서귀포] 서귀포다이브 해녀체험,"45,000원",수중체험,,,33.2593,126.6397
375,제주도,[서귀포] 유진팡 열대과일농장,"9,000원",실외이색체험,,,33.26132,126.53008
376,제주도,"[서귀포] 낭만적인 요트 위 선셋과 포근한 호텔에서의 휴식, 바람과 함께 제주살이","108,000원",요트/서핑/보트,,,33.25307,126.56466
377,제주도,[제주시] 서바이벌 스크린 사격장 킬링 스페이스,"12,100원",실내이색체험,,,33.49996,126.52696
378,제주도,[한림] 대나무 낚시대 하나면 준비 끝! 제주 전통 테우 낚시 체험,"12,000원",낚시,,,33.42379,126.2607
379,제주도,[구좌] 내 손으로 직접 만지는 해양 생물! 제주 바다 체험장 ,"8,900원",실외이색체험,,,33.55486,126.7219
380,제주도,[한경] 제주스러운 마을에서 우드 소품을 만들어보는 핸드메이드  재주생활 ,"300,000원",실내이색체험,,,33.32116,126.27456
381,제주도,[표선] 사려니 숲 속 아이들과 함께 참나무에서 자라는 유기농 표고 따기 체험,"15,000원",실외이색체험,,,33.35847,126.79482
382,제주도,"[조천] 제주에서 만나는 유럽, 럭셔리 제주살이","220,000원",실내이색체험,,,33.49365,126.67776
383,제주도,"[한경] 캠핑은 밖에서, 잠은 포근한 방에서 1박 2일 캠핑 (BBQ 식사 포함)","200,000원",실외이색체험,,,33.35508,126.18508
384,제주도,[서귀포] 퍼시픽랜드 요트투어샹그릴라 범섬&트롤링 낚시 투어,"110,000원",낚시,,,33.24338,126.41699
385,제주도,[서귀포] 중문레져 UTV,"63,000원",카트/루지,,,33.2913,126.45491
386,제주도,[한림] 제주의 푸른 바다와 한라산을 배경으로 나이스샷! 명문 골프 (1박 2일),"349,000원",골프,,,33.34577,126.36427
387,제주도,[제주시] 바다 앞 느낌있는 숙소에서 커피 찐하게 배워보는 제주살이,"350,000원",실내이색체험,,,33.50828,126.47226
388,제주도,[표선] 제주오름 도슨트체험 따라비오름,"15,900원",승마/트레킹,,,33.38768,126.7535
389,제주도,"[한경] 농촌에서 (제주각시이우다)와  제대로 놀아보자, 농촌체험과 팜파티","25,000원",실외이색체험,,,33.3342,126.25706
390,제주도,"[한경] 아이의 시간, 곶자왈 숲 속 놀이터 알록달록 색과의 놀이","125,000원",키즈,,,33.32277,126.26324
391,제주도,[제주공항근처] 제주해양레저타운 제트보트 & 레일바이크,"21,600원",요트/서핑/보트,,,33.50143,126.45355
392,제주도,"[제주시] 코바다이빙스쿨 - 스노쿨링, 씨워커","20,000원",수중체험,,,33.50766,126.47029
393,제주도,[중문] 중문오프로드체험장_랭글러,"33,800원",카트/루지,,,33.27571,126.39697
394,제주도,[구좌] 김녕요트투어+딩기요트체험,"120,000원",요트/서핑/보트,,,33.55816,126.73686
395,제주도,[제주시] 제주패들보드 서핑클럽,"55,000원",요트/서핑/보트,,,33.52517,126.58368
396,제주도,[서귀포] 서귀포 다이브 보트 체험 다이빙,"85,000원",수중체험,,,33.25925,126.63934
397,제주도,[조천] 우리끼리 프라이빗 반잠수함 수중체험,"20,000원",수중체험,,,33.55103,126.65276
398,제주도,[안덕] 토이파크 에어범퍼카 이용권,"9,200원",실외이색체험,,,33.31926,126.34576
399,제주도,[중문] [템플스테이] 약천사 '불자의 길' 템플스테이 (체험형),"70,000원",실내이색체험,,,33.2455,126.44962
400,제주도,[한림] 도두마리나 블루원 요트클럽 (요트 + 제트스키 + 스노클링),"96,400원",요트/서핑/보트,,,33.50737,126.46379
401,제주도,[제주시] 서프로와 서핑 강습,"50,000원",요트/서핑/보트,,,33.49796,126.44798
402,제주도,[서귀포] 쇠소깍배낚시 캡틴호 야간체험 갈치낚시 4시간,"100,000원",낚시,,,33.25001,126.62162
403,제주도,[표선] 샤인빌파크CC & 스프링데일 CC & 라헨느 CC,"306,000원",골프,,,33.34562,127.78817
404,제주도,[안덕] 핀크스CC & 스카이힐CC(회원제),"393,000원",골프,,,33.31564,126.38877
405,제주도,[표선] (김포공항 출발) 샤인빌파크CC & 타미우스CC,"299,000원",골프,,,33.3516,126.3811
406,제주도,[표선] (울산공항출발) 샤인빌파크 CC & 타미우스CC,"299,000원",골프,,,33.3516,126.3811
407,제주도,[표선] 샤인빌 파크 CC & 타미우스 CC,"210,000원",골프,,,33.3516,126.3811
408,제주도,[애월] 에버리스CC & 엘리시안CC & 오라CC,"459,000원",골프,,,33.37819,126.36213
409,제주도,[표선] 샤인빌CC & 타미우스CC & 라헨느CC ,"322,000원",골프,,,33.45341,126.61389
410,제주도,[한경] 라온CC & 타미우스CC & 에버리스CC,"366,000원",골프,,,33.45341,126.61389
411,제주도,[한림] 블랙스톤CC & 타미우스CC & 스카이힐CC,"441,000원",골프,,,33.33647,126.31103
412,제주도,[구좌] 세인트포CC & 에버리스CC & 라헨느CC,"366,000원",골프,,,33.5205,126.73857
413,제주도,[안덕] 캐슬렉스CC & 타미우스CC & 아덴힐CC,"347,000원",골프,,,33.31545,126.38875
414,제주도,[구좌] 세인트포 CC & 라헨느 CC & 오라 CC,"413,000원",골프,,,33.35158,126.38817
415,제주도,[서귀포] 스카이힐 CC&라온 CC&아덴힐 CC,"375,000원",골프,,,33.28748,126.40536
416,제주도,[안덕] 핀크스 CC&블랙스톤 CC&테디밸리 CC,"543,000원",골프,,,33.28743,126.40535
417,제주도,[애월] 에버리스CC & 타미우스CC,"234,000원",골프,,,33.35156,126.38812
418,제주도,[애월] 에버리스CC& 엘리시안CC(회원제),"290,000원",골프,,,33.37354,126.38144
419,제주도,[표선] 샤인빌파크CC&부영CC,"195,000원",골프,,,33.35855,126.71373
420,제주도,[안덕] 핀크스CC&블랙스톤 CC,"357,500원",골프,,,33.31551,126.38862
421,제주도,[구좌] 세인트포CC & 럭셔리골프텔(60평),"246,000원",골프,,,33.52052,126.7386
422,제주도,[안덕] 핀크스CC&블랙스톤CC&엘리시안CC,"552,000원",골프,,,33.31551,126.38862
423,제주도,[제주시] 오라CC&라헨느CC,"280,000원",골프,,,33.44811,126.51342
424,제주도,[표선] 샤인빌파크CC&스프링데일CC,"201,000원",골프,,,33.32959,126.63805
425,제주도,[한림] 고사리를 따며 듣는 제주 오름 이야기,"25,000원",실외이색체험,,,33.36368,126.35892
426,제주도,[한경] 제주각시이우다와 함께 떠나는 고사리 탐험(4월만 체험가능),"50,000원",실외이색체험,,,33.3342,126.25706
427,제주도,[서귀포] 서귀포다이브센터 섬체험 다이빙,"100,000원",수중체험,,,33.25935,126.63973
