,name,score,loc,lowest_price,category,loc2,SIG_CD
0,인천(부평) 러브스업 2호점,4.6,"해물탕거리위치, 롯데시네마도보3분거리-20.3km",27000.0,m,부평,28237
1,인천(부평) HOTEL YD27,4.2,부평5동 주민센터 도보2분-20.3km,26000.0,m,부평,28237
2,인천(부평) YAM 부평역점,4.5,부평 해물탕거리위치 롯데시네마 도보 3분-20.3km,27000.0,m,부평,28237
3,인천(부평) 메종,4.6,부평역 도보 12분-20.3km,30000.0,m,부평,28237
4,인천(부평) 두루와 호텔(2호점),4.4,부평역 도보 약 12분-20.4km,35000.0,m,부평,28237
5,인천(부평) ORA(오라),4.7,부평역 도보 약 9분-20.5km,30000.0,m,부평,28237
6,인천(부평) 돈키호텔,4.3,인천지하철 부평역 7번출구-20.5km,30000.0,m,부평,28237
7,인천(부평) 러블리,4.6,인천지하철 부평역 8번 출구-20.5km,30000.0,m,부평,28237
8,인천(부평) 쁠랑,4.4,20.5km,35000.0,m,부평,28237
9,인천(부평) 피아노,4.5,인천지하철 부평역 7번 출구-20.5km,32000.0,m,부평,28237
10,인천(부평) 호텔 마루,4.8,20.5km,35000.0,m,부평,28237
11,인천(부평) 러브스업,4.4,부평역 도보 약 8분-20.6km,27000.0,m,부평,28237
12,인천(부평) YAJA 부평역점,4.4,부평역 도보 5분거리-20.6km,27000.0,m,부평,28237
13,인천(부평) 버니1,4.7,인천지하철 부평역 7번출구-20.6km,77471.0,m,부평,28237
14,인천(부평) 호텔주노,4.8,부평 문화의 거리 인근-20.6km,35000.0,m,부평,28237
15,인천(부평) ILOVEYOU(알럽유),4.7,20.6km,35000.0,m,부평,28237
16,인천(부평) Boutique노리터 호텔,4.8,20.6km,35000.0,m,부평,28237
17,인천(부평) 넘버25 인천부평점,4.8,부평 테마의거리 위치-20.6km,35000.0,m,부평,28237
18,인천(부평) HOTEL W,4.4,21km,25000.0,m,부평,28237
19,인천(부평) S1,4.3,북인천우체국 뒷편 위치-21km,27000.0,m,부평,28237
20,인천(부평) 문라이트,4.5,부평역 16번출구 도보 5분-21.1km,25000.0,m,부평,28237
21,인천(부평) COGORA(코고라),4.3,부평역 도보 5분-20.6km,30000.0,m,부평,28237
22,인천(부평) 이오스,4.1,부평역 도보 약 10분-20.5km,23000.0,m,부평,28237
23,인천(부평) 웰빙,4.6,부평역 7번출구 도보10분-20.5km,27000.0,m,부평,28237
24,인천(부평) 씨마(CIMA),4.4,21km,30000.0,m,부평,28237
25,인천(부평) 두루와 1호점(별관),4.7,부평역 도보 약 8분-20.6km,35000.0,m,부평,28237
26,인천(부평) IMT,4.4,부평역 12번출구 도보5분-20.5km,28000.0,m,부평,28237
27,인천(부평) 블랙홀,4.6,부평 해물탕거리 위치-20.4km,25000.0,m,부평,28237
28,인천(부평) 두루와 1호점(본관),4.5,부평역 도보 약 8분-20.6km,35000.0,m,부평,28237
29,인천(부평) 제니스,4.7,부평역 도보 10분-20.5km,50000.0,m,부평,28237
30,인천(부평) 라임,4.8,20.6km,37000.0,m,부평,28237
31,인천(부평) YAM 부평문화의거리점,4.5,맥도날드 부평중앙점에서 도보로 3분이내-20.7km,30000.0,m,부평,28237
32,인천(부평) 굿타임,4.9,부평역 7번출구 도보10분-20.5km,25000.0,m,부평,28237
33,인천(부평) 버스,4.5,21km,30000.0,m,부평,28237
34,인천(부평) 레니엘,4.8,부평 문화의거리 내 위치-20.5km,30000.0,m,부평,28237
35,인천(부평) 상상(SS),4.4,부평역 6번출구 도보10분-21km,20000.0,m,부평,28237
36,인천(부평) 카카오,4.0,1호선 부평역 인근-20.5km,30000.0,m,부평,28237
37,인천(부평) RG,4.6,부평구청역 7번출구 도보15-21.2km,40000.0,m,부평,28237
38,인천(부평) 샵,4.6,부평역 북인천우체국 뒤편-21km,20000.0,m,부평,28237
39,인천 부평(청천동) 샘,4.7,청수사거리 100m 이내 위치-21.5km,35000.0,m,부평,28237
40,인천(부평)TOPAZ(토파즈),4.5,20.3km,30000.0,m,부평,28237
41,인천 부평(청천동) 리치,4.4,21.4km,30000.0,m,부평,28237
42,인천 (부평) 버니2,4.5,20.5km,28000.0,m,부평,28237
43,인천(부평) XYM2,4.8,20.5km,25000.0,m,부평,28237
44,인천(부평) 갈산역 하이파크,4.6,20.1km,35000.0,m,부평,28237
45,인천(부평) 세븐,4.3,20.3km,30000.0,m,부평,28237
46,인천(부평)젠틀맨,4.5,부평구청역 5번출구 도보 5분-20.4km,30000.0,m,부평,28237
47,인천(부평) 갤러리아 호텔,4.7,20.5km,30000.0,m,부평,28237
48,인천(부평) BOX motel,4.5,20.7km,22000.0,m,부평,28237
49,인천(부평) 애플그린,4.5,21km,30000.0,m,부평,28237
50,인천(부평) CF,4.9,인천지하철 부평역 5번출구-21.2km,30000.0,m,부평,28237
51,인천(부평) 마이플레이스&XYM,4.2,부평역 6번출구 도보5분-20.7km,30000.0,m,부평,28237
52,인천(부평) 넷텔,4.7,21.2km,77471.0,m,부평,28237
53,인천(부평) 썸 무인텔,2.8,부평 문화의거리 내 위치-20.6km,35000.0,m,부평,28237
54,인천 부평(청천동) 필,4.7,청수사거리 100m 이내 위치-21.5km,35000.0,m,부평,28237
55,인천(부평) 자바,4.8,20.5km,30000.0,m,부평,28237
56,인천(부평) 칼튼,4.4,21km,35000.0,m,부평,28237
57,인천 부평(청천동) 삼정,4.5,21.7km,30000.0,m,부평,28237
58,인천(부평) 쉐이리궁,4.6,청과부평시장 인근-20.3km,25000.0,m,부평,28237
59,인천(부평) 아이유,3.5,20.5km,77471.0,m,부평,28237
60,인천(부평) 동경,4.4,부평역 롯데시네마 도보5분-20.3km,25000.0,m,부평,28237
61,인천(부평) 시크릿,4.7,20.3km,26000.0,m,부평,28237
62,인천(부평) 아쿠아,4.6,20.5km,25000.0,m,부평,28237
63,인천(부평) 이코노미호텔 인천,5.0,19.7km,77471.0,m,부평,28237
64,인천(부평) 스카이,5.0,20.4km,35000.0,m,부평,28237
65,인천 boutique 노리터호텔,4.3,부평역 12번출구 도보 5분-20.6km,35000.0,h,부평,28237
66,이코노미호텔 인천부평,4.4,갈산역 도보 5분-19.7km,77471.0,h,부평,28237
67,굿타임호텔,3.5,부평역 도보 5분-20.5km,77471.0,h,부평,28237
68,부평 제니스 호텔,4.6,부평역 12번출구 도보 5분-20.5km,50000.0,h,부평,28237
69,인천 아웃백 게스트하우스,3.5,20.6km,40000.0,g,부평,28237
70,인천(구월동) 호텔 더 디자이너스,4.7,"인천1호선 예술회관역 인천시청역 도보 10분 차 5분, 2호선 석천사거리역 도보 10분.-24.1km",50000.0,m,구월,28200
71,인천(구월동) 알로하 호텔,4.8,예술회관역 2번출구 / 도보로 200M-24.1km,50000.0,m,구월,28200
72,인천(구월동) 구월호텔,4.5,"남동 IC 3분문학경기장,남동경기장 3분-24.5km",50000.0,m,구월,28200
73,인천(구월동) 아라,4.6,"남동 IC 1분거리(인천공항 이용편리) 남동경기장 (체조, 럭비) 3분거리 문학경기장 3분-24.5km",50000.0,m,구월,28200
74,인천(구월동) 느낌호텔,4.6,남동IC 1분(공항이용편리)터미널3분거리-24.6km,50000.0,m,구월,28200
75,인천(구월동) M플레이스,4.7,인천종합터미널 인근-24.7km,55000.0,m,구월,28200
76,인천(구월동) 라트리 호텔,4.8,인천 터미널역 2번 출구-24.7km,50000.0,m,구월,28200
77,인천(구월동) 아시아드호텔,4.7,남동 IC 1분거리(인천공항 이용편리) -24.5km,50000.0,m,구월,28200
78,인천(구월동) 카카오,4.7,인천 CGV 인근-24.4km,50000.0,m,구월,28200
79,인천(구월동) HOTEL JIN,4.8,24.2km,50000.0,m,구월,28200
80,인천(구월동) 그랜드,4.9,길병원 사거리 근처-24.1km,45000.0,m,구월,28200
81,인천(구월동) TWOSOME(2S),4.4,예술회관역 1번출구 도보 5-24.3km,40000.0,m,구월,28200
82,인천(구월동) K(케이),4.5,길병원 암센터 도보1분-24.2km,77471.0,m,구월,28200
83,인천(구월동) HOTEL BAY 204,4.9,24.9km,59500.0,m,구월,28200
84,센트럴 프라자 호텔,4.4,예술회관역 1번출구 300m-24.4km,77471.0,h,구월,28200
85,구월호텔 (9月무인호텔),4.3,인천터미널역 1.26km-24.6km,56800.0,h,구월,28200
86,인천 아시아드 호텔,4.4,인천터미널역 875m-24.6km,60000.0,h,구월,28200
87,호텔 라트리 인천,3.5,인천터미널역 2번출구 도보5분-24.7km,77471.0,h,구월,28200
88,인천구월 호텔베이204,4.9,예술회관역 도보 7분-24.9km,70000.0,h,구월,28200
89,호텔 더 디자이너스 인천,4.6,예술회관역 2번출구 도보 9분-24.1km,55000.0,h,구월,28200
90,인천(검단) 크리스탈 호텔,4.5,27.8km,50000.0,m,서구,28260
91,인천(석남동) 델루나호텔,4.5,24.6km,40000.0,m,서구,28260
92,인천(석남동) STAY HOTEL,4.7,24.7km,40000.0,m,서구,28260
93,인천(청라) 호텔 원티드,4.7,27km,68000.0,m,서구,28260
94,인천(검단) YAM 인천 검단점,3.9,검단 롯데시네마 인근-25.5km,32000.0,m,서구,28260
95,인천(검단) 러브버드,4.5,25.4km,40000.0,m,서구,28260
96,인천(검단) 공감,4.6,인천 2호선 검단사거리역 2번출구 도보 100M-25.5km,40000.0,m,서구,28260
97,인천(검단) 자스민,4.3,25.4km,40000.0,m,서구,28260
98,인천(석남동) 더 라임,4.5,석남고가교입구 사거리 인근-24.7km,35000.0,m,서구,28260
99,인천(석남동) KOJAJA,4.6,24.8km,30000.0,m,서구,28260
100,인천(석남동) 어썸,4.6,24.6km,30000.0,m,서구,28260
101,인천(석남동) 돈키호텔,4.5,24.6km,35000.0,m,서구,28260
102,인천(석남동) The 쉼,4.8,석남고가 사거리 도보 5분-24.7km,35000.0,m,서구,28260
103,인천(검단) 올인,4.7,25.5km,40000.0,m,서구,28260
104,인천(석남동) 리츠,4.8,석남고가 사거리 도보 5분-24.9km,30000.0,m,서구,28260
105,인천(석남동) ON&OFF,4.7,24.6km,35000.0,m,서구,28260
106,인천(검단) 클리오,4.6,25.5km,35000.0,m,서구,28260
107,인천(서구) SS,3.7,23.8km,35000.0,m,서구,28260
108,인천(석남동) 호텔 루미,4.8,현대제일주유소 인근-24.9km,40000.0,m,서구,28260
109,인천(석남동) ACE,4.7,24.6km,30000.0,m,서구,28260
110,인천(검단) 레드썬,4.7,25.5km,35000.0,m,서구,28260
111,인천(서구) 카카오,4.7,인천 서구청 인근 위치-23.7km,60000.0,m,서구,28260
112,인천(석남동) TWOSOME(2S),4.5,석남고가교입구 사거리에서 3분-24.5km,77471.0,m,서구,28260
113,인천(서구) 연,4.8,23.8km,40000.0,m,서구,28260
114,인천(서구) BNB,4.7,23.8km,40000.0,m,서구,28260
115,인천(석남동) 뷰(VIEW),4.5,차량이용시 석남동 519-9번지-24.9km,35000.0,m,서구,28260
116,인천(검단) 노블레스,4.5,25.4km,40000.0,m,서구,28260
117,인천(석남동) 오션,4.5,24.5km,30000.0,m,서구,28260
118,인천(서구) 테크노,4.5,23.9km,45000.0,m,서구,28260
119,인천(석남동) 요기,4.6,24.5km,27000.0,m,서구,28260
120,인천(석남동) 스위치,4.6,24.5km,28000.0,m,서구,28260
121,인천(서구) SG호텔,4.4,23.8km,40000.0,m,서구,28260
122,인천(석남동) 갤러리,2.2,24.5km,25000.0,m,서구,28260
123,인천(서구) 가우디,4.5,23.8km,35000.0,m,서구,28260
124,인천(검단) 펜타스타,4.8,27.7km,55000.0,m,서구,28260
125,인천(석남동) 알프스,3.6,24.8km,35000.0,m,서구,28260
126,인천 호텔 원티드,4.7,청라 커낼웨이 차량 약 10분-26.9km,68000.0,h,서구,28260
127,호텔 소프라 인천청라,4.6,서구청역 4번출구 도보 3분-23.8km,50000.0,h,서구,28260
128,인천 크리스탈 호텔,4.4,검단 오류역 도보 약 6분-28km,50000.0,h,서구,28260
129,인천 펜타스타 호텔,4.4,검단오류역 2번출구 도보 7분-27.7km,55000.0,h,서구,28260
130,인천 더 라임 호텔,3.5,석남역 2번출구 500m-24.7km,77471.0,h,서구,28260
131,인천(작전동) RG,4.8,18.5km,40000.0,m,계양,28245
132,인천(경인교대) ILLUA 일루아 호텔,4.6,19.4km,37000.0,m,계양,28245
133,인천(경인교대) NINE(9),4.7,19.5km,55000.0,m,계양,28245
134,인천(경인교대) 마리호텔,4.8,19.5km,50000.0,m,계양,28245
135,인천(작전동) 써클,4.6,18.6km,40000.0,m,계양,28245
136,인천(작전동) 벨라,4.7,18.6km,40000.0,m,계양,28245
137,인천(작전동) 꿈의궁전,4.8,18.6km,40000.0,m,계양,28245
138,인천(작전동) BUTI&,4.7,까치공원 인근 위치-18.6km,40000.0,m,계양,28245
139,인천(작전동) 소풍호텔,4.7,까치공원 인근 위치-18.5km,40000.0,m,계양,28245
140,인천(작전동) 짝,4.7,18.6km,35000.0,m,계양,28245
141,인천(작전동) 반도,4.7,작전역 2번출구방향-18.6km,40000.0,m,계양,28245
142,인천(경인교대) 하얏트,4.8,계산전통시장 인근-19.5km,30000.0,m,계양,28245
143,인천(경인교대) 짝,4.5,19.4km,35000.0,m,계양,28245
144,인천(작전동) 아마레,4.7,18.6km,50000.0,m,계양,28245
145,인천(작전동) VOW,4.6,18.5km,60000.0,m,계양,28245
146,인천(작전동) 갤럭시,4.6,18.5km,50000.0,m,계양,28245
147,인천(경인교대) 네오텔,4.5,19.5km,30000.0,m,계양,28245
148,인천(계산동) 휴,4.6,계산역 3분거리-19.4km,40000.0,m,계양,28245
149,인천 작전동 소울하다,3.5,18.4km,77471.0,m,계양,28245
150,인천(경인교대) 이코노미,4.1,계산전통시장 인근-19.5km,40000.0,m,계양,28245
151,인천(작전동) 샾,4.6,18.3km,35000.0,m,계양,28245
152,인천(경인교대) 멜로디,4.8,19.7km,27000.0,m,계양,28245
153,인천(경인교대) 테마25,4.6,19.5km,25000.0,m,계양,28245
154,카리스 호텔,4.7,작전역 4번출구 350m-19.8km,68200.0,h,계양,28245
155,인천 캐피탈 호텔,3.5,계산역 1.33km-20.3km,77471.0,h,계양,28245
156,인천(작전동) 꿈의궁전,4.8,까치공원 도보 약 5분-18.6km,40000.0,h,계양,28245
157,인천 갤럭시 호텔,4.0,계산역 차량약 5분-18.5km,77471.0,h,계양,28245
158,호텔 부티앤,4.9,계산역 자동차 10분-18.6km,55000.0,h,계양,28245
159,인천 이코노미 호텔,5.0,"경인교대입구역 1,2번 출구-19.5km",40000.0,g,계양,28245
160,인천(주안) 호텔오라,4.8,25.2km,32000.0,m,주안,28177
161,인천(주안) 페이지46,4.9,25.2km,38000.0,m,주안,28177
162,인천(주안) 썸,4.7,석바위사거리 인근-25.2km,33000.0,m,주안,28177
163,인천(주안) 피아노,4.3,석암아파트 인근-25.2km,27000.0,m,주안,28177
164,인천(주안) 더자자,4.5,주안역 1번출구 방향-25.4km,35000.0,m,주안,28177
165,인천(주안) 홀인원,4.7,주안역 도보 15분-25.4km,35000.0,m,주안,28177
166,인천(주안) 프로포즈,4.9,주안역 1번출구 도보10분-25.5km,35000.0,m,주안,28177
167,인천(주안) 블리츠,4.6,주안역 도보 10분-25.5km,37000.0,m,주안,28177
168,인천(주안) 별이빛나는밤에,4.7,1호선 주안역 도보 10분-25.5km,36000.0,m,주안,28177
169,인천(주안) 두루와,4.6,주안역 도보 5분-25.6km,38000.0,m,주안,28177
170,인천(주안) 소마호텔,4.7,인천 2호선 시민공원역 도보 3분이내-25.6km,40000.0,m,주안,28177
171,인천(주안) HERTZ(헤르츠),4.2,25.4km,28000.0,m,주안,28177
172,인천(주안) Luxury짝,4.6,주안역 1번출구 방향-25.3km,25000.0,m,주안,28177
173,인천(주안) 호텔나무,4.8,25.2km,40000.0,m,주안,28177
174,인천(주안) HOTEL NICE,4.5,25.4km,34000.0,m,주안,28177
175,인천(주안) 씨앤,4.5,주안역 도보 15분-25.1km,38000.0,m,주안,28177
176,인천(주안) 호텔주노,4.8,25.3km,30000.0,m,주안,28177
177,인천(주안) St.179,4.8,시민공원역 도보3분 이내-25.6km,35000.0,m,주안,28177
178,인천(주안) 위드유,4.7,25.5km,35000.0,m,주안,28177
179,인천(주안) 호텔가자,4.6,예시민회관사거리 도보 5분-25.5km,27000.0,m,주안,28177
180,인천(주안) 호텔세븐(SEVEN 7),4.8,25.2km,30000.0,m,주안,28177
181,인천(주안) MARI,4.6,25.7km,35000.0,m,주안,28177
182,인천(주안) 프로방스,4.7,주안역 도보 8분-25.5km,30000.0,m,주안,28177
183,인천(주안) 러블리,4.7,1호선 주안역 도보 10분-25.3km,25000.0,m,주안,28177
184,인천(주안) 식스(SIX),4.7,25.5km,38000.0,m,주안,28177
185,인천(주안) 루나,4.6,주안역 13번출구 도보8분-26km,30000.0,m,주안,28177
186,인천(주안) 베드스테이션,4.8,"주안역 5분거리, 시민공원역 10분거리-25.5km",30000.0,m,주안,28177
187,인천(주안) 씨네마,4.7,CGV 남주안 인근-25.8km,33000.0,m,주안,28177
188,인천(주안) 호텔마루,4.7,25.3km,30000.0,m,주안,28177
189,인천(주안) 브라운도트호텔,3.5,25.5km,77471.0,m,주안,28177
190,인천(주안) 파티오,4.6,주안역 1번출구 도보10분-25.5km,30000.0,m,주안,28177
191,인천(주안) 더블유(W),4.7,25.1km,25000.0,m,주안,28177
192,인천(주안) 호텔마음,4.9,1호선 주안역 도보 10분-25.3km,35000.0,m,주안,28177
193,인천(주안) 디데이,4.7,25.4km,35000.0,m,주안,28177
194,인천(주안) 리베라,4.8,25.2km,27000.0,m,주안,28177
195,인천(주안) YOU&I(유앤아이),4.8,25.5km,60000.0,m,주안,28177
196,인천(주안) H호텔,4.5,주안역 1번출구 방향-25.4km,20000.0,m,주안,28177
197,인천(주안) ETE(에떼),4.7,주안역 2번출구 도보 5분-25.8km,30000.0,m,주안,28177
198,인천(주안) 나인호텔(Nine hotel),4.4,25.8km,35000.0,m,주안,28177
199,인천(주안) 토마토호텔,4.6,주안역 11번 출구 도보1분-25.7km,25000.0,m,주안,28177
200,인천(주안) 테마(CGV점),3.7,주안역 1번 출구-25.7km,25000.0,m,주안,28177
201,인천(주안) 샵,4.7,주안역 1번출구 도보10분-25.5km,35000.0,m,주안,28177
202,인천(주안) E,4.7,주안역 1번출구 도보10분-25.6km,33000.0,m,주안,28177
203,인천(주안) 아미-무인호텔,4.8,25.4km,30000.0,m,주안,28177
204,인천(주안) 주얼리,4.1,25.3km,19000.0,m,주안,28177
205,인천(주안) 굿타임,4.5,25.2km,20000.0,m,주안,28177
206,인천(주안) 호텔위드,4.7,옛시민회관사거리 도보 5분-25.7km,30000.0,m,주안,28177
207,인천(주안) 스타,3.8,주안역 1번출구 도보10분-25.5km,20000.0,m,주안,28177
208,인천(주안) 폭스,5.0,주안역 2번출구 50M-25.6km,32000.0,m,주안,28177
209,인천(주안) 엘루이,2.7,주안현대아파트 인근-25.4km,30000.0,m,주안,28177
210,인천(주안) 황해장,5.0,28.1km,25000.0,m,주안,28177
211,인천(주안) 로아,5.0,25.7km,35000.0,m,주안,28177
212,인천(주안) 썬플라워,3.8,1호선 주안역 인근 위치-25.5km,24000.0,m,주안,28177
213,인천(주안) 로지,4.6,1호선 주안역 인근 위치-25.5km,23000.0,m,주안,28177
214,인천(주안) 브랜드,4.1,주안역 2번출구 도보 3분-25.7km,22000.0,m,주안,28177
215,인천(주안) 베듀(허브),4.0,주안역 9번출구 도보 10분-25.8km,25000.0,m,주안,28177
216,인천(주안) J,5.0,25.4km,35000.0,m,주안,28177
217,인천(주안) 그린,4.6,백악관 나이트 도보1분-25.3km,30000.0,m,주안,28177
218,더 바스텔,4.7,주안역 1번출구 도보 약 10분-25.2km,77471.0,h,주안,28177
219,인천 소마 호텔,4.3,시민공원역 1번출구 도보 3분-25.6km,45000.0,h,주안,28177
220,에스티 179 (St.179),4.0,시민공원(문화창작지대)역 도보 5분-25.6km,40000.0,h,주안,28177
221,인천(연수) HOTEL 498,4.7,연수역 4번출구 2분거리-28.4km,45000.0,m,송도/연수,28185
222,인천(송도) YAM 인천송도점,4.8,30km,36000.0,m,송도/연수,28185
223,인천(송도) 모닝캄,4.8,30.1km,50000.0,m,송도/연수,28185
224,인천(송도) 프라하,4.8,송도로터리 도보 10분거리-30.2km,36000.0,m,송도/연수,28185
225,인천(송도) 큐브,4.0,30.2km,60000.0,m,송도/연수,28185
226,인천(송도) YAJA 인천 송도점,4.7,송도 로터리 도보 5분 거리-30.3km,40000.0,m,송도/연수,28185
227,인천(송도) 스테이호텔,4.7,30.3km,50000.0,m,송도/연수,28185
228,인천(송도) 오투(O2),4.4,송도꽃게거리 인근 위치-30.3km,35000.0,m,송도/연수,28185
229,인천(송도) 아마레,4.6,30.3km,50000.0,m,송도/연수,28185
230,인천(송도) 알리스위트,4.7,송도로터리 인근-30.3km,50000.0,m,송도/연수,28185
231,인천(송도) 바다가 보이는 집,4.5,31km,25000.0,m,송도/연수,28185
232,인천(송도) 넘버25 송도점,4.8,아암도해안공원 도보15분거리-30.2km,40000.0,m,송도/연수,28185
233,인천(송도) 테마,4.5,30.2km,30000.0,m,송도/연수,28185
234,인천(송도) M,4.3,송도유원지에서 도보 5분거리-30.3km,30000.0,m,송도/연수,28185
235,인천(송도) 프렌즈,4.8,송도로터리 인근-30.1km,30000.0,m,송도/연수,28185
236,인천(연수) ES,4.7,28.4km,40000.0,m,송도/연수,28185
237,인천(송도) 이채,4.6,인천상륙작전기념탑 공원 인근-30km,30000.0,m,송도/연수,28185
238,인천(송도) 소풍,4.7,송도로터리 인근-30.2km,35000.0,m,송도/연수,28185
239,인천(연수) 아제라호텔,4.8,28.4km,40000.0,m,송도/연수,28185
240,인천(연수) 토마토(무인HOTEL),4.5,연수역 1번 출구 인근-28.4km,40000.0,m,송도/연수,28185
241,인천(연수구) 초콜릿,4.6,28.4km,40000.0,m,송도/연수,28185
242,인천(송도) 리치,4.5,송도역 1번출구-30.7km,25000.0,m,송도/연수,28185
243,인천(연수) 코코,4.8,연수역 5분거리-28.5km,40000.0,m,송도/연수,28185
244,인천(송도) 보보스,4.3,31km,20000.0,m,송도/연수,28185
245,인천(송도) 호텔리오,4.4,30.1km,35000.0,m,송도/연수,28185
246,인천(송도) 가빈,4.8,30.1km,30000.0,m,송도/연수,28185
247,인천(송도) 올인,4.5,송도로터리 인근-30.1km,40000.0,m,송도/연수,28185
248,인천(동춘동) 테크노,4.9,동춘역 4번출구 도보15분-29.4km,40000.0,m,송도/연수,28185
249,인천(송도) ING,4.5,인천해양과학고등학교 인근-30.9km,30000.0,m,송도/연수,28185
250,인천(송도) 삼미,3.5,30.3km,30000.0,m,송도/연수,28185
251,인천(송도) HOTEL 2030,4.4,인천도시관광 주변 인근 위치-30.3km,77471.0,m,송도/연수,28185
252,인천(송도) 필드,4.0,30.3km,21000.0,m,송도/연수,28185
253,인천(송도) 케이(K),4.2,30.1km,30000.0,m,송도/연수,28185
254,인천(송도) 상상S2,1.0,송도유원지에서 도보 5분거리-30.3km,77471.0,m,송도/연수,28185
255,인천(송도) 블루,4.5,송도유원지에서 도보 5분거리-30.3km,35000.0,m,송도/연수,28185
256,라마다 송도,4.2,동춘역 4번출구 차로 10분-30.2km,50000.0,h,송도/연수,28185
257,알리스위트 호텔 송도,4.5,인천 송도로터리에서 도보 5분-30.3km,50000.0,h,송도/연수,28185
258,호텔 스카이파크 인천 송도,4.5,송도센트럴파크 도보 약 15분-33.2km,77000.0,h,송도/연수,28185
259,홀리데이 인 인천송도,4.7,센트럴파크역 2번 출구 바로 앞-33.2km,79000.0,h,송도/연수,28185
260,송도 센트럴파크 호텔,4.7,센트럴파크역 4번출구 도보 4분-32.9km,77000.0,h,송도/연수,28185
261,쉐라톤 그랜드 인천,4.7,인천대입구역 4번출구 730m-32.4km,119790.0,h,송도/연수,28185
262,경원재 앰배서더 인천,5.0,송도 센트럴파크 내 위치 센트럴파크역 도보 3분-32.9km,77471.0,h,송도/연수,28185
263,오라카이 송도파크 호텔,4.6,인천대입구역 4번출구 240m-32.9km,77700.0,h,송도/연수,28185
264,인천 스테이 호텔,4.4,송도유원지 도보 3분-30.3km,55000.0,h,송도/연수,28185
265,오크우드 프리미어 인천,4.9,인천대입구역 5번출구 600m-32.5km,205700.0,h,송도/연수,28185
266,송도 호텔 아마레,4.4,차량 약 15분거리-30.3km,50000.0,h,송도/연수,28185
267,Boutique Hotel 498,4.5,연수역 4번 출구 도보 3분-28.4km,50000.0,h,송도/연수,28185
268,인천 코코 호텔,3.5,연수역 약2분거리-28.5km,77471.0,h,송도/연수,28185
269,인천 더노벰버스테이 커넬워크,4.9,32.2km,71500.0,p,송도/연수,28185
270,인천 더노벰버스테이 오네스타,4.7,32.2km,73000.0,p,송도/연수,28185
271,인천(영종도) Grace Suite Hotel,4.6,32.9km,36000.0,m,인천공항/을왕리,28110
272,인천(운서동) DK에어텔,4.6,40.7km,39000.0,m,인천공항/을왕리,28110
273,인천(을왕리) 프린스호텔,4.4,50.5km,40000.0,m,인천공항/을왕리,28110
274,인천(을왕리) 레이호텔,4.1,52km,49000.0,m,인천공항/을왕리,28110
275,인천(을왕리) 더 프린스 호텔,4.8,을왕리해수욕장 바로 앞-52km,70000.0,m,인천공항/을왕리,28110
276,인천공항(을왕리) 예그리나호텔,4.3,48.5km,30000.0,m,인천공항/을왕리,28110
277,인천(을왕리) 호텔 오션뷰,4.3,선녀바위 해수욕장 인근-51.6km,49000.0,m,인천공항/을왕리,28110
278,인천(을왕리) 스위스파크,4.4,51.9km,50000.0,m,인천공항/을왕리,28110
279,인천(영종도) 파크우드,4.3,48.4km,30000.0,m,인천공항/을왕리,28110
280,인천공항 영종호텔,4.1,인천공항 차량 10분-36.6km,35000.0,m,인천공항/을왕리,28110
281,인천 영종도 인터루프탑,4.3,32.9km,10000.0,m,인천공항/을왕리,28110
282,인천(을왕리) 오션사이드호텔,4.4,인천공항 차량 10분-48.5km,39000.0,m,인천공항/을왕리,28110
283,인천(영종도) 인터내셔널 호텔,4.2,32.9km,29000.0,m,인천공항/을왕리,28110
284,인천공항(운서동) 에어스테이,4.6,운서역 1번출구 5분거리-40.7km,39000.0,m,인천공항/을왕리,28110
285,인천 을왕리 호텔 휴 로프트,4.5,을왕리 마시란 해변 위치-48.5km,50000.0,m,인천공항/을왕리,28110
286,인천(운서동) 인천공항호텔,4.6,운서역1번출구 5분거리-40.8km,39000.0,m,인천공항/을왕리,28110
287,인천공항(운서동) 시애틀,4.4,40.6km,55000.0,m,인천공항/을왕리,28110
288,인천(을왕리) 델로스,4.3,을왕리 선착장 인근-51.9km,40000.0,m,인천공항/을왕리,28110
289,인천(을왕리) 해변,4.2,51.9km,55000.0,m,인천공항/을왕리,28110
290,인천(운서동) 방콕,4.6,40.6km,45000.0,m,인천공항/을왕리,28110
291,인천(을왕리) 휴,4.6,51.6km,45000.0,m,인천공항/을왕리,28110
292,인천(을왕리) 한양,3.6,51.9km,35000.0,m,인천공항/을왕리,28110
293,인천(을왕리) 홀리랜드,4.2,을왕리 해수욕장 인근-52km,44000.0,m,인천공항/을왕리,28110
294,인천(을왕리) 씨월드,3.8,왕산해변 인근 위치-51.8km,45000.0,m,인천공항/을왕리,28110
295,인천(운서동) 더 호텔 영종,4.8,40.5km,40000.0,m,인천공항/을왕리,28110
296,인천공항 레전드 호텔,4.8,운서역 2번출구 3분거리-40.2km,44000.0,m,인천공항/을왕리,28110
297,인천(운서동) 에어릴렉스,4.8,40.7km,60000.0,m,인천공항/을왕리,28110
298,인천(을왕리) 씨사이드,3.5,을왕리 해수욕장 도보 1분-51.9km,77471.0,m,인천공항/을왕리,28110
299,을왕리 뉴욕파크,3.5,51.9km,77471.0,m,인천공항/을왕리,28110
300,네스트 호텔,4.8,인천국제공항 7.53km-47.9km,99000.0,h,인천공항/을왕리,28110
301,스카이탑 호텔,4.6,운서역 도보 5분-39.8km,30000.0,h,인천공항/을왕리,28110
302,지엘시티호텔 인천공항,4.6,운서역 약 5분거리-39.9km,30000.0,h,인천공항/을왕리,28110
303,더위크앤리조트,4.7,을왕리해수욕장 도보 5분-52km,110000.0,h,인천공항/을왕리,28110
304,리베라베리움호텔 영종,4.4,인천공항 차량 20분-34.7km,24900.0,h,인천공항/을왕리,28110
305,인천공항 호텔 퀸,4.6,운서역 도보 4분-40.5km,59000.0,h,인천공항/을왕리,28110
306,인터내셔널호텔 인천영종,4.2,롯데시네마 영종하늘도시 차량 7분-32.9km,29000.0,h,인천공항/을왕리,28110
307,웨스턴 그레이스 호텔,4.4,인천국제공항 14.94km-32.8km,30000.0,h,인천공항/을왕리,28110
308,"파라다이스호텔&리조트,파라다이스시티",4.9,인천공항 차량 약 5분거리-45.2km,242000.0,h,인천공항/을왕리,28110
309,데이즈 호텔&스위트 바이 윈덤 인천에어포트,4.6,운서역 도보 3분-40.6km,55000.0,h,인천공항/을왕리,28110
310,그랜드하얏트 인천,4.3,인천공항 차량 약 6분-44.9km,207900.0,h,인천공항/을왕리,28110
311,베스트웨스턴 프리미어 인천 에어포트,4.5,인천국제공항역 2.66km-44.8km,77471.0,h,인천공항/을왕리,28110
312,하워드 존슨 바이 윈덤 인천에어포트,4.6,운서역 도보 3분-40.6km,62000.0,h,인천공항/을왕리,28110
313,골든튤립 인천공항 호텔 & 스위트,4.7,운서역 1번출구 도보 1분-40.5km,60000.0,h,인천공항/을왕리,28110
314,더 호텔 영종,4.0,운서역 1번출구 300m-40.5km,40500.0,h,인천공항/을왕리,28110
315,인천공항 레전드 호텔,4.5,운서역 2번출구 도보 2분-40.2km,44000.0,h,인천공항/을왕리,28110
316,호텔 휴 에어포트 인천,4.2,인천국제공항역 중구 운서동-44.7km,62000.0,h,인천공항/을왕리,28110
317,인천공항호텔,4.4,운서역 1번출구 도보 8분-40.8km,41000.0,h,인천공항/을왕리,28110
318,인천 오션사이드 호텔,4.4,용유역 2번출구 도보 6분-48.5km,40000.0,h,인천공항/을왕리,28110
319,호텔 오라 인천,4.8,인천국제공항 자동차 10분-47.9km,79000.0,h,인천공항/을왕리,28110
320,인천 프린스 관광호텔,4.0,을왕리해수욕장 차량 2분-50.5km,40000.0,h,인천공항/을왕리,28110
321,호텔 오션뷰,3.8,선녀바위해수욕장 도보 3분-51.6km,77471.0,h,인천공항/을왕리,28110
322,인천공항 관광호텔 준,4.7,인천공항 공항 신도시 차량 약 8분-40.5km,50000.0,h,인천공항/을왕리,28110
323,인천 씨월드 호텔,4.1,왕산해수욕장 도보 약 10분-51.8km,45000.0,h,인천공항/을왕리,28110
324,인천 위너스 호텔,4.4,왕산해수욕장 도보 5분-51.9km,46000.0,h,인천공항/을왕리,28110
325,인천 에어텔,3.5,운서역 1번출구 446m-40.7km,77471.0,h,인천공항/을왕리,28110
326,호텔 에어릴렉스,4.8,운서역 1번출구 300m-40.7km,60000.0,h,인천공항/을왕리,28110
327,에어스카이 호텔 (AIRSKY HOTEL),4.6,영종역 차량 15분-32.9km,30000.0,h,인천공항/을왕리,28110
328,다락휴 인천공항 캡슐호텔 제2터미널 by 워커힐,3.7,인천국제공항 제2터미널 지하 1층-46.9km,77000.0,h,인천공항/을왕리,28110
329,다락휴 인천공항 캡슐호텔 제1터미널 by 워커힐,5.0,인천국제공항 제1터미널 안에 위치-46.9km,77000.0,h,인천공항/을왕리,28110
330,인천 파크우드 관광호텔,4.6,용유역 도보 5분-48.4km,32000.0,h,인천공항/을왕리,28110
331,을왕리 호텔 휴 로프트,4.2,마시란 해수욕장 부근-48.5km,45000.0,h,인천공항/을왕리,28110
332,Grace Suite Hotel,4.4,구읍뱃터 도보 5분-32.9km,30000.0,h,인천공항/을왕리,28110
333,오션 솔레뷰 호텔,4.6,구읍뱃터 도보 2분-32.9km,30000.0,h,인천공항/을왕리,28110
334,인천 영종 인터루프탑 호텔,4.2,인천공항 차량 13분-32.9km,23000.0,h,인천공항/을왕리,28110
335,인천 에어포트 시애틀,4.7,운서역 1번출구 도보 5분-40.6km,62000.0,h,인천공항/을왕리,28110
336,인천호텔 에어스테이,4.7,운서역 1번 출구 470m-40.7km,40000.0,h,인천공항/을왕리,28110
337,인천공항 호텔 제우메스,4.7,운서역 1번출구 200m-40.4km,45000.0,h,인천공항/을왕리,28110
338,영종도 블루오션펜션,4.6,32.9km,150000.0,p,인천공항/을왕리,28110
339,을왕리 을왕노을바다펜션,4.2,51.6km,40000.0,p,인천공항/을왕리,28110
340,을왕리 자니노니펜션,4.7,51.6km,120000.0,p,인천공항/을왕리,28110
341,을왕리 바이드302펜션,4.7,51.6km,80000.0,p,인천공항/을왕리,28110
342,을왕리 푸른솔 펜션,4.4,자체픽업 가능-52.1km,70000.0,p,인천공항/을왕리,28110
343,을왕리 오션스카이펜션,4.6,51.7km,50000.0,p,인천공항/을왕리,28110
344,영종도 씨사이드에비뉴펜션,4.7,33km,120000.0,p,인천공항/을왕리,28110
345,을왕리 태종대펜션,4.5,51.6km,59000.0,p,인천공항/을왕리,28110
346,을왕리 마린캠프펜션,4.5,51.6km,49000.0,p,인천공항/을왕리,28110
347,을왕리 비치힐뷰하우스펜션,4.5,51.7km,80000.0,p,인천공항/을왕리,28110
348,을왕리 을왕별펜션,5.0,51.5km,50000.0,p,인천공항/을왕리,28110
349,을왕리 콩깍지펜션,3.8,51.6km,100000.0,p,인천공항/을왕리,28110
350,을왕리 솔마루펜션,1.0,51.7km,77471.0,p,인천공항/을왕리,28110
351,을왕리 산솔하우스펜션,4.4,51.4km,80000.0,p,인천공항/을왕리,28110
352,을왕리 제이에스하우스펜션,4.5,50.1km,100000.0,p,인천공항/을왕리,28110
353,을왕리 엘림비치존펜션,4.8,52km,120000.0,p,인천공항/을왕리,28110
354,을왕리 왕산예림펜션,4.3,51.9km,140000.0,p,인천공항/을왕리,28110
355,을왕리 대명펜션,4.7,51.6km,50000.0,p,인천공항/을왕리,28110
356,영종도 MaBelle펜션,3.5,37.9km,77471.0,p,인천공항/을왕리,28110
357,을왕리 휴로프트펜션,3.5,48.5km,70000.0,p,인천공항/을왕리,28110
358,무의도 빨간지붕펜션,3.7,49.6km,70000.0,p,인천공항/을왕리,28110
359,을왕리 선녀펜션,5.0,51.6km,77471.0,p,인천공항/을왕리,28110
360,무의도 파인트리펜션,3.0,자체픽업 가능-50.2km,80000.0,p,인천공항/을왕리,28110
361,영종도 라메종하우스펜션,4.2,자체픽업 가능-38km,57600.0,p,인천공항/을왕리,28110
362,영종도 LaFleur펜션,4.8,37.9km,64000.0,p,인천공항/을왕리,28110
363,영종도 하모니게스트하우스,4.5,40.5km,77471.0,p,인천공항/을왕리,28110
364,영종도 BinsHouse펜션,4.3,자체픽업 가능-37.8km,104000.0,p,인천공항/을왕리,28110
365,영종도 SIESTA펜션,4.8,자체픽업 가능-37.8km,57600.0,p,인천공항/을왕리,28110
366,을왕리 도란도란펜션,3.5,51.6km,160000.0,p,인천공항/을왕리,28110
367,을왕리 바다풍경펜션,4.7,51.6km,50000.0,p,인천공항/을왕리,28110
368,영종도 씨사이드카라반캠핑장,4.3,38.1km,77471.0,p,인천공항/을왕리,28110
369,을왕리 안악민박펜션,3.2,51.9km,25000.0,p,인천공항/을왕리,28110
370,을왕리 아소프로아펜션(전객실 신축),4.6,51.6km,65000.0,p,인천공항/을왕리,28110
371,을왕리 별자리펜션,4.7,51.5km,60000.0,p,인천공항/을왕리,28110
372,을왕리 큐하우스펜션,4.1,51.5km,160000.0,p,인천공항/을왕리,28110
373,을왕리 왕산오토캠핑장,3.5,52.1km,95000.0,p,인천공항/을왕리,28110
374,을왕리 엔소이펜션,4.8,51.5km,150000.0,p,인천공항/을왕리,28110
375,을왕리 비치펜션,4.3,51.6km,50000.0,p,인천공항/을왕리,28110
376,을왕리 당나귀펜션,4.3,51.9km,120000.0,p,인천공항/을왕리,28110
377,을왕리 하나스토리호스텔펜션,4.3,51.8km,55000.0,p,인천공항/을왕리,28110
378,을왕리 바다&별하우스펜션,4.4,51.2km,80000.0,p,인천공항/을왕리,28110
379,을왕리 하나펜션,4.2,51.7km,36000.0,p,인천공항/을왕리,28110
380,인천공항 프렌즈 게스트하우스,3.5,운서역-40.2km,77471.0,g,인천공항/을왕리,28110
381,인천공항 레인부츠 게스트하우스,4.9,인천공항-40.1km,39000.0,g,인천공항/을왕리,28110
382,인천공항 드림트립 게스트하우스,4.4,인천공항 인근 위치-40km,35000.0,g,인천공항/을왕리,28110
383,인천공항 코인 게스트하우스,5.0,39.7km,77471.0,g,인천공항/을왕리,28110
384,인천공항 미스터김 게스트하우스,4.0,인천공항-40.3km,40000.0,g,인천공항/을왕리,28110
385,인천공항 영종 게스트하우스,4.0,41.2km,77471.0,g,인천공항/을왕리,28110
386,인천 게스트하우스 휴,3.5,40.6km,77471.0,g,인천공항/을왕리,28110
387,인천 허브 게스트하우스,3.5,운서역 1번 출구-40.7km,52000.0,g,인천공항/을왕리,28110
388,인천 위홈 게스트하우스,3.5,40.4km,40000.0,g,인천공항/을왕리,28110
389,인천(숭의역) 봄날,4.7,숭의역 4번출구 5분거리-29km,35000.0,m,중구,28110
390,인천(동인천) S7,4.6,29.2km,29800.0,m,중구,28110
391,인천(동인천) YAJA 동인천역점,4.5,동인천역에서 도보로 5분거리-29.2km,35000.0,m,중구,28110
392,인천(신포) 넘버25 인천신포점,4.7,29.5km,40000.0,m,중구,28110
393,인천(신포) MY24,4.8,29.8km,45000.0,m,중구,28110
394,인천(신포) 초이스,4.5,29.8km,35000.0,m,중구,28110
395,인천(신포) 세븐(SE7EN),4.5,29.8km,40000.0,m,중구,28110
396,인천(신포) 힐링모텔,4.3,30km,30000.0,m,중구,28110
397,인천(연안부두) THE K - HOTEL,4.9,32.6km,40000.0,m,중구,28110
398,인천(연안부두) 바이킹,3.3,32.5km,30000.0,m,중구,28110
399,인천(신포) 위드,4.6,29.8km,35000.0,m,중구,28110
400,인천(월미도) W호텔,4.7,월미도 내 위치-31.7km,45000.0,m,중구,28110
401,인천(월미도) 블루마린,4.8,31.9km,50000.0,m,중구,28110
402,인천(월미도) 해월관광호텔,4.7,32km,60000.0,m,중구,28110
403,인천(월미도) 풀문 호텔,4.5,31.8km,45000.0,m,중구,28110
404,인천(월미도) 호텔월미여관,4.9,31.8km,50000.0,m,중구,28110
405,인천(월미도) 다이아몬드 호텔,4.1,31.8km,77471.0,m,중구,28110
406,인천(연안부두) 일루와,4.8,32.4km,40000.0,m,중구,28110
407,인천(월미도) 스텔라마리스호텔,4.8,31.7km,40000.0,m,중구,28110
408,인천(연안부두) IT s (이츠호텔),4.7,32.4km,43000.0,m,중구,28110
409,인천(월미도) 그랜드 스위트 호텔,4.5,31.9km,45000.0,m,중구,28110
410,인천(월미도) 갤럭시 호텔,4.5,31.8km,35000.0,m,중구,28110
411,인천(연안부두) 딘(DEAN),4.8,인천항 국제여객터미널 인근-32.3km,40000.0,m,중구,28110
412,인천(연안부두) 블랙로즈,4.2,32.3km,30000.0,m,중구,28110
413,인천(월미도) G호텔,4.6,월미도중앙-31.9km,77471.0,m,중구,28110
414,인천(월미도) 네이버,4.9,월미도 마이랜드 인근-31.8km,40000.0,m,중구,28110
415,인천(차이나타운) 호텔아띠,3.5,1호선 인천역 인근-30km,35000.0,m,중구,28110
416,인천(차이나타운) 로마,4.7,29.8km,40000.0,m,중구,28110
417,인천(월미도) 하버뷰,4.5,인천 월미도 인근-31.6km,35000.0,m,중구,28110
418,인천(월미도) 삼해장,4.0,월미도 놀이공원 가는 길-31.7km,30000.0,m,중구,28110
419,인천(연안부두) 시드니,4.2,인천항연안 여객터미널 인근-32.3km,77471.0,m,중구,28110
420,인천(연안부두) 포유,4.2,인천항연안 여객터미널 인근-32.3km,30000.0,m,중구,28110
421,인천(동인천) ING,4.2,29.4km,30000.0,m,중구,28110
422,인천(연안부두) Y&E 호텔,3.5,32.5km,40000.0,m,중구,28110
423,인천(신흥) 프린스,3.5,29km,77471.0,m,중구,28110
424,인천(월미도) 시크릿,3.6,31.7km,45000.0,m,중구,28110
425,인천(차이나타운) 로쥬,5.0,30km,35000.0,m,중구,28110
426,인천(연안부두) 애플,3.5,인천항 국제여객터미널 근처-32km,40000.0,m,중구,28110
427,시크릿 관광호텔,4.0,월미테마파크 600m-31.7km,50000.0,h,중구,28110
428,호텔 갤럭시 월미도,4.1,월미도 월미문화의거리 내-31.8km,77471.0,h,중구,28110
429,풀문 관광호텔,4.4,월미도 월미공원-31.8km,45000.0,h,중구,28110
430,호텔 월미도,4.5,문화의 거리 약 10m-32.1km,77000.0,h,중구,28110
431,인천 일루와호텔,4.7,월미도 차량 약 30분-32.4km,43000.0,h,중구,28110
432,월미도 W 관광호텔,4.6,월미도 테마파크 도보 5분-31.7km,50000.0,h,중구,28110
433,베니키아 월미도 더 블리스,4.6,월미도 월미공원-32km,50000.0,h,중구,28110
434,월미도 프리미어스 호텔,3.9,인천시 월미도 유원지-32km,55000.0,h,중구,28110
435,월미도 하버뷰 호텔,4.4,월미도 월미도 관광안내소 150m-31.6km,35840.0,h,중구,28110
436,베니키아 바다의 별,4.5,월미도 인천역 약 3km-31.9km,30000.0,h,중구,28110
437,월미도 그랜드 스위트 호텔,4.5,월미테마파크 도보 1분 거리-31.9km,60000.0,h,중구,28110
438,연안부두 딘 관광호텔,4.6,연안부두 약1분거리-32.3km,40000.0,h,중구,28110
439,연안부두 이츠호텔,4.4,연안부두 차량 약 2분거리-32.4km,40000.0,h,중구,28110
440,인천 스텔라 마리스호텔,4.8,인천항 도보 약 16분-31.7km,55000.0,h,중구,28110
441,월미도 해월관광호텔,4.9,월미도 월미공원-32km,60000.0,h,중구,28110
442,월미도 다이아몬드 호텔,4.2,월미도 월미테마파크 도보7분-31.7km,77471.0,h,중구,28110
443,G관광호텔 월미도,4.7,월미테마파크 370m-31.9km,77471.0,h,중구,28110
444,아이 네이버 관광호텔,4.4,인천시 월미도-31.8km,77471.0,h,중구,28110
445,베스트웨스턴 하버파크 호텔,4.6,인천역 차이나타운 인근-30.2km,70000.0,h,중구,28110
446,인천(강화도) 블루,4.4,37.6km,25000.0,m,강화/옹진,28710
447,강화도(석모도) 바다가보이는사이판,4.1,53.2km,30000.0,m,강화/옹진,28710
448,강화(석모도) 보문장,3.7,57km,30000.0,m,강화/옹진,28710
449,인천(강화도) N모텔,4.7,36.9km,35000.0,m,강화/옹진,28710
450,인천(강화) MOTEL 917,4.5,연안 여객터미널 인근-52.3km,40000.0,m,강화/옹진,28710
451,인천(강화도) 탑모텔,4.7,48.7km,35000.0,m,강화/옹진,28710
452,강화(석모도) 제이,3.4,52.9km,35000.0,m,강화/옹진,28710
453,인천(선재도) 하루,4.8,51.1km,77471.0,m,강화/옹진,28710
454,인천(선재도) 마리나,4.7,50.9km,40000.0,m,강화/옹진,28710
455,인천(강화도) W호텔,4.4,강화초지대교 삼거리 인근-36.8km,35000.0,m,강화/옹진,28710
456,인천(선재도) 버킹검,4.7,50.7km,40000.0,m,강화/옹진,28710
457,인천(선재도) 라메르,4.4,50.7km,35000.0,m,강화/옹진,28710
458,인천(선재도) 아일랜드,4.3,50.7km,40000.0,m,강화/옹진,28710
459,인천(석모도) 석모도호텔,4.4,54.5km,50000.0,m,강화/옹진,28710
460,인천(선재도) 레스테,4.5,50.6km,40000.0,m,강화/옹진,28710
461,인천 강화(석모도) 노을내리는 아름다운 집,3.5,58km,77471.0,m,강화/옹진,28710
462,인천(강화도) 로마,4.0,36.6km,40000.0,m,강화/옹진,28710
463,인천(강화도) 대우장,3.5,45.3km,77471.0,m,강화/옹진,28710
464,인천(강화도) 샤인,4.6,36.7km,40000.0,m,강화/옹진,28710
465,인천(강화도) 바다산책,4.7,38.4km,30000.0,m,강화/옹진,28710
466,인천(강화도) 자유공간,5.0,44.2km,30000.0,m,강화/옹진,28710
467,인천(강화) 힐링S,4.4,옥토끼 우주센터 인근-41.9km,35000.0,m,강화/옹진,28710
468,인천(선재도) 드마르,4.3,50.7km,50000.0,m,강화/옹진,28710
469,인천(강화도) 프라하,4.4,37.4km,25000.0,m,강화/옹진,28710
470,인천(강화도) 힐하우스,3.0,52.5km,35000.0,m,강화/옹진,28710
471,인천(선재도) 마이하트 무인텔,4.7,50.5km,50000.0,m,강화/옹진,28710
472,인천(영흥도) 피렌체,3.5,53.8km,77471.0,m,강화/옹진,28710
473,인천(강화) 엠스(MS),4.8,40.9km,35000.0,m,강화/옹진,28710
474,인천(강화도) 썬댄스,3.5,36.4km,40000.0,m,강화/옹진,28710
475,인천(강화도) 캘리포니아,5.0,48km,35000.0,m,강화/옹진,28710
476,인천(강화도) 에쿠스,1.5,49.3km,40000.0,m,강화/옹진,28710
477,인천(강화도) 해와달,5.0,연안여객터미널 부근-52.5km,40000.0,m,강화/옹진,28710
478,인천(강화) 카리브,3.5,분오리저수지 인근-43.1km,77471.0,m,강화/옹진,28710
479,인천(강화도) 스위스랜드,4.7,41.9km,40000.0,m,강화/옹진,28710
480,강화도 프레시아 호텔,3.5,전등사 약 749m-40.7km,70000.0,h,강화/옹진,28710
481,호텔 에버리치,4.2,강화군 강화읍-45.7km,77471.0,h,강화/옹진,28710
482,강화엘리야리조트,4.7,선수포구 차량 3분-49.9km,210000.0,h,강화/옹진,28710
483,인썸 관광호텔,3.5,영흥도 버스터미널 약 13분 거리-54.3km,77471.0,h,강화/옹진,28710
484,강화도 좋아요스파펜션,4.9,41.2km,75000.0,p,강화/옹진,28710
485,강화도 루체펜션,4.8,자체픽업 가능-46.2km,70000.0,p,강화/옹진,28710
486,"강화도 내리몽바닷가펜션(오션뷰,개별바베큐)",4.6,자체픽업 가능-48.9km,79000.0,p,강화/옹진,28710
487,강화도 올제펜션(제트대형스파),4.5,49.4km,110000.0,p,강화/옹진,28710
488,강화도 나눔펜션(키즈온수수영장),4.8,자체픽업 가능-49.6km,90000.0,p,강화/옹진,28710
489,강화도 바다소리펜션,4.8,자체픽업 가능-50.4km,77471.0,p,강화/옹진,28710
490,대부도(선재도) 옐로우스파펜션,4.2,50.5km,59000.0,p,강화/옹진,28710
491,강화도 바닷가펜션,4.8,50.5km,70000.0,p,강화/옹진,28710
492,대부도(선재도) 좋은사람들펜션,4.8,자체픽업 가능-50.6km,90000.0,p,강화/옹진,28710
493,대부도(선재도) 갤러리스파펜션(목섬 앞),4.5,마트픽업 가능-51.1km,89000.0,p,강화/옹진,28710
494,대부도(선재도) 목섬화이트펜션(영화관),4.3,51.1km,90000.0,p,강화/옹진,28710
495,대부도(선재도) 향기나는펜션(목섬앞),4.4,51.2km,59000.0,p,강화/옹진,28710
496,대부도(영흥도) 펜션타운,4.9,자체픽업 가능-51.5km,84000.0,p,강화/옹진,28710
497,대부도(영흥도) 벼리유펜션,4.9,자체픽업 가능-53.6km,100000.0,p,강화/옹진,28710
498,대부도(영흥도) 글램독펜션,4.8,53.6km,89000.0,p,강화/옹진,28710
499,대부도(영흥도) 코코로망스카라반캠핑장,4.8,54km,77471.0,p,강화/옹진,28710
500,강화도 노을담은스파펜션,4.6,41.3km,74000.0,p,강화/옹진,28710
501,강화도 천사의아침펜션,4.3,43.2km,65000.0,p,강화/옹진,28710
502,"강화도 구름위산책펜션(스파,MD추천)",3.7,43.2km,77471.0,p,강화/옹진,28710
503,강화도 바다요정펜션,4.7,44km,109000.0,p,강화/옹진,28710
504,강화도 초록별펜션,4.6,44.8km,49000.0,p,강화/옹진,28710
505,"강화도 수에뇨펜션(카페운영,MD추천)",4.7,49km,69000.0,p,강화/옹진,28710
506,강화도 쟈스민테라피펜션,4.5,49.6km,50000.0,p,강화/옹진,28710
507,"강화도 큐티펜션(신축,MD추천)",4.5,49.8km,59000.0,p,강화/옹진,28710
508,강화도 낙조가보이는펜션 (선셋스팟),4.2,자체픽업 가능-49.9km,79000.0,p,강화/옹진,28710
509,강화도 쁘띠펜션,4.1,50km,79000.0,p,강화/옹진,28710
510,강화도 웨스트앤드빌펜션 (초특가할인),4.1,50.3km,99000.0,p,강화/옹진,28710
511,대부도(선재도) 더그루펜션(스파),4.3,자체픽업 가능-50.5km,77471.0,p,강화/옹진,28710
512,대부도(선재도) 판타지펜션(MD추천),4.7,51.1km,89000.0,p,강화/옹진,28710
513,대부도(선재도) 목섬스파펜션(한정특가),4.6,51.2km,85000.0,p,강화/옹진,28710
514,"강화도 더하루펜션 (카페 운영,MD추천)",4.6,53.6km,119000.0,p,강화/옹진,28710
515,강화도 유리바다펜션,3.5,54.4km,81000.0,p,강화/옹진,28710
516,대부도(영흥도) 블루스토리펜션(오션뷰),4.6,자체픽업 가능-55.3km,79000.0,p,강화/옹진,28710
517,대부도(영흥도) 아름다운펜션,4.9,53.2km,69000.0,p,강화/옹진,28710
518,강화도(석모도) 클럽피오씨펜션(A동),4.1,53.6km,90000.0,p,강화/옹진,28710
519,강화도(석모도) 클럽피오씨펜션(B동),4.0,53.6km,100000.0,p,강화/옹진,28710
520,강화도 마리하우스펜션,4.9,45.1km,150000.0,p,강화/옹진,28710
521,강화도 하늘아래펜션(루지에서 7분거리),4.5,자체픽업 가능-38.3km,69000.0,p,강화/옹진,28710
522,대부도(영흥도) 모노65펜션,4.8,53.6km,97630.0,p,강화/옹진,28710
523,강화도 산들바다펜션,4.5,43.2km,77471.0,p,강화/옹진,28710
524,대부도(영흥도) 노을앤바다오션뷰펜션,4.8,자체픽업 가능-53.1km,77471.0,p,강화/옹진,28710
525,대부도(선재도) 시크릿펜션,4.7,50.6km,77471.0,p,강화/옹진,28710
526,강화도 테라스펜션(개별바베큐),4.5,자체픽업 가능-48.6km,49000.0,p,강화/옹진,28710
527,대부도(영흥도) 썬펜션,4.3,51.8km,89000.0,p,강화/옹진,28710
528,대부도(영흥도) 꿈의궁전펜션,4.9,53.2km,60000.0,p,강화/옹진,28710
529,대부도(영흥도) 영흥도관광펜션,4.2,51.8km,89000.0,p,강화/옹진,28710
530,대부도(영흥도) 8그램펜션,4.0,53.3km,400000.0,p,강화/옹진,28710
531,대부도(선재도) 일루아펜션,4.0,자체픽업 가능-50.6km,90000.0,p,강화/옹진,28710
532,"강화도 힐스토리펜션(마니산,동막해변)",3.8,44.5km,135000.0,p,강화/옹진,28710
533,대부도(영흥도) 제피루스펜션(독채),4.7,53.2km,138000.0,p,강화/옹진,28710
534,강화도 쉼펜션,4.7,자체픽업 가능-42.7km,80000.0,p,강화/옹진,28710
535,강화도 파도소리펜션,4.0,49.8km,49000.0,p,강화/옹진,28710
536,강화도 나나펜션,4.0,54.7km,50000.0,p,강화/옹진,28710
537,강화도 바다노리펜션,4.4,49.2km,100000.0,p,강화/옹진,28710
538,강화도 동막아일랜드펜션,4.7,43km,70000.0,p,강화/옹진,28710
539,강화도 바바벨리펜션,4.3,53km,90000.0,p,강화/옹진,28710
540,강화도 네르하펜션,4.6,49.6km,80000.0,p,강화/옹진,28710
541,강화도 도우제펜션,4.7,50.7km,140000.0,p,강화/옹진,28710
542,대부도(영흥도) 전망좋은통나무집펜션,4.2,53.9km,60000.0,p,강화/옹진,28710
543,강화도 우리바다펜션,4.4,자체픽업 가능-50.6km,50000.0,p,강화/옹진,28710
544,강화도 누리펜션타운,3.5,40km,180000.0,p,강화/옹진,28710
545,대부도(영흥도) 화가의마을펜션,3.7,54.5km,89000.0,p,강화/옹진,28710
546,강화도 콘체르트펜션,4.7,48.1km,220000.0,p,강화/옹진,28710
547,강화도 웨스트포인트펜션,4.3,49.4km,49000.0,p,강화/옹진,28710
548,강화도 파인트리펜션,4.6,49.1km,50000.0,p,강화/옹진,28710
549,"강화도 구름다리펜션(방역,소독)",4.6,자체픽업 가능-49.2km,60000.0,p,강화/옹진,28710
550,강화도 숲속의오후펜션,4.9,48.1km,70000.0,p,강화/옹진,28710
551,강화도 야생화카페펜션,4.6,43km,77471.0,p,강화/옹진,28710
552,"석모도 항포펜션(독채,개별바베큐)",4.9,60.1km,150000.0,p,강화/옹진,28710
553,대부도(영흥도) 해송펜션(오션뷰객실),4.6,53.7km,70000.0,p,강화/옹진,28710
554,"대부도(영흥도) 라르고펜션(19.8월신축,애견펜션)",4.9,54.6km,140000.0,p,강화/옹진,28710
555,강화도 아미바다펜션,4.2,자체픽업 가능-50.1km,77471.0,p,강화/옹진,28710
556,대부도(선재도) 쉼펜션,4.4,50.4km,77471.0,p,강화/옹진,28710
557,강화도 힐키즈풀빌라,3.5,45.4km,77471.0,p,강화/옹진,28710
558,강화도 그린존리조트,3.5,48.3km,1000000.0,p,강화/옹진,28710
559,강화도 휴엘펜션,4.4,자체픽업 가능-42.9km,77471.0,p,강화/옹진,28710
560,강화도 제이에스펜션,4.2,43.1km,120000.0,p,강화/옹진,28710
561,강화도 씨엘블루펜션,3.0,41km,80000.0,p,강화/옹진,28710
562,대부도(영흥도) 시밀레펜션,5.0,53.3km,77471.0,p,강화/옹진,28710
563,대부도(영흥도) 마리노펜션,4.8,54.4km,77471.0,p,강화/옹진,28710
564,강화도 함허동천웰빙펜션,3.5,44km,330000.0,p,강화/옹진,28710
565,강화도 나무와나무펜션,5.0,자체픽업 가능-45.1km,150000.0,p,강화/옹진,28710
566,강화도 별빛속으로펜션,3.5,46.8km,150000.0,p,강화/옹진,28710
567,대부도(영흥도) 나무이야기펜션,5.0,53.8km,100000.0,p,강화/옹진,28710
568,석모도 항구펜션,4.0,55.3km,70000.0,p,강화/옹진,28710
569,강화도 크루별장펜션,3.5,50.5km,330000.0,p,강화/옹진,28710
570,옹진 하늘가펜션,3.5,44.6km,80000.0,p,강화/옹진,28710
571,대부도(영흥도) 대발이네펜션,3.5,52.4km,250000.0,p,강화/옹진,28710
572, 강화도 조운돌담사이로펜션(독채),4.5,51.8km,77471.0,p,강화/옹진,28710
573,대부도(영흥도) 아이엠펜션,4.2,53.8km,59000.0,p,강화/옹진,28710
574,강화도 누리펜션정다운풍차마을,3.0,39.9km,300000.0,p,강화/옹진,28710
575,강화도 누리펜션B,3.4,40km,80000.0,p,강화/옹진,28710
576,강화도 누리펜션C,3.0,39.9km,250000.0,p,강화/옹진,28710
577,강화도 바닷가뜨락펜션,4.8,49.1km,50000.0,p,강화/옹진,28710
578,인천 목섬펜션(덕적도),4.0,자체픽업 가능-79.5km,60000.0,p,강화/옹진,28710
579,대부도(영흥도) 서나무집펜션,4.6,51km,60000.0,p,강화/옹진,28710
580,강화도 솔로몬펜션,3.5,47km,60000.0,p,강화/옹진,28710
581,강화도 고려호반펜션,4.4,51km,110000.0,p,강화/옹진,28710
582,대부도(선재도) 돌고래펜션,5.0,50.7km,80000.0,p,강화/옹진,28710
583,대부도(영흥도) 어르니펜션,4.7,54.3km,60000.0,p,강화/옹진,28710
584,대부도(영흥도) 네이쳐펜션,4.1,51.6km,77471.0,p,강화/옹진,28710
585,강화도 라파밀리아펜션,4.4,50km,72000.0,p,강화/옹진,28710
586,인천 또바기펜션,3.0,51.2km,100000.0,p,강화/옹진,28710
587,대부도(영흥도) 최가네민박펜션,5.0,51.4km,80000.0,p,강화/옹진,28710
588,강화도 하늘채펜션,5.0,49.2km,330000.0,p,강화/옹진,28710
589,대부도(영흥도) 모닥불독채펜션,4.9,50.9km,250000.0,p,강화/옹진,28710
590,강화도 옛길플라워펜션,3.5,50.9km,90000.0,p,강화/옹진,28710
591,"강화도 별마당펜션(독채,단체펜션)",4.6,54.6km,250000.0,p,강화/옹진,28710
592,옹진 해밀의아침펜션,4.8,45km,70000.0,p,강화/옹진,28710
593,옹진(신도) 은혜펜션,4.0,44km,90000.0,p,강화/옹진,28710
594,강화도 별헤는집펜션,4.8,37.7km,130000.0,p,강화/옹진,28710
595,강화도 마니산밸리펜션,4.0,자체픽업 가능-46km,150000.0,p,강화/옹진,28710
596,강화도 어나더153펜션(애견펜션),4.7,44.8km,150000.0,p,강화/옹진,28710
597,대부도(선재도) 풍경펜션,3.7,50.2km,190000.0,p,강화/옹진,28710
598,강화도 아리하우스펜션,4.8,48.3km,100000.0,p,강화/옹진,28710
599,강화도 다이아펜션,3.5,49.3km,150000.0,p,강화/옹진,28710
600,강화도 해비치펜션,4.3,49km,100000.0,p,강화/옹진,28710
601,대부도(영흥도) 해변에서펜션,4.4,53.8km,77471.0,p,강화/옹진,28710
602,강화도 위딜펜션,3.4,자체픽업 가능-57.7km,100000.0,p,강화/옹진,28710
603,강화도 로맨틱큐브펜션,4.5,40.1km,77471.0,p,강화/옹진,28710
604,강화도 노을이머무는곳펜션,3.5,자체픽업 가능-54.4km,80000.0,p,강화/옹진,28710
605,강화도 베가펜션,4.1,51.5km,150000.0,p,강화/옹진,28710
606,강화도 놀토독채펜션,4.8,47.1km,60000.0,p,강화/옹진,28710
607,강화도 나들길흙집펜션,5.0,자체픽업 가능-42.4km,80000.0,p,강화/옹진,28710
608,강화도 예뜰펜션(독채),4.7,자체픽업 가능-54.4km,77471.0,p,강화/옹진,28710
609,강화도 파도횟집n조은하우스민박,4.5,43km,80000.0,p,강화/옹진,28710
610,강화도 밀물때횟집민박,2.6,42.8km,50000.0,p,강화/옹진,28710
611,강화도 테라롯지흙집펜션,5.0,43.8km,500000.0,p,강화/옹진,28710
612,강화도 돌담펜션,3.5,48.7km,77471.0,p,강화/옹진,28710
613,강화도 이삭펜션,4.8,43.1km,59000.0,p,강화/옹진,28710
614,강화도 호박펜션,3.5,49.5km,77471.0,p,강화/옹진,28710
615,강화도 물마루펜션,4.6,51.3km,180000.0,p,강화/옹진,28710
616,강화 스토리 펜션,4.6,44.4km,50000.0,p,강화/옹진,28710
617,강화도 솔밭펜션,3.0,43km,50000.0,p,강화/옹진,28710
618,강화도 초원의집펜션,5.0,마트픽업 가능-48.3km,100000.0,p,강화/옹진,28710
619,강화도 썬하우스펜션,4.5,53.3km,70000.0,p,강화/옹진,28710
620,강화도 뜰애펜션,5.0,48.1km,150000.0,p,강화/옹진,28710
621,강화도 꽃향기바다내음펜션,4.8,자체픽업 가능-44.7km,50000.0,p,강화/옹진,28710
622,강화도 유앤준펜션,4.8,자체픽업 가능-47.8km,77471.0,p,강화/옹진,28710
623,대부도(선재도) 네오빌펜션,3.7,자체픽업 가능-50.4km,77471.0,p,강화/옹진,28710
624,강화도 바닷가뜰안애펜션(개별바비큐),4.6,40.1km,160000.0,p,강화/옹진,28710
625,강화도 들꽃펜션,3.5,자체픽업 가능-49.4km,250000.0,p,강화/옹진,28710
626,강화도 골드별장펜션,5.0,50.4km,170000.0,p,강화/옹진,28710
627,강화도 아름다운펜션,4.0,48.8km,70000.0,p,강화/옹진,28710
628,강화도 마니올펜션,1.0,54.3km,220000.0,p,강화/옹진,28710
629,대부도(영흥도) 꼼마펜션,4.8,자체픽업 가능-54.7km,150000.0,p,강화/옹진,28710
630,대부도(선재도) 오션빌펜션,4.5,50.9km,100000.0,p,강화/옹진,28710
631,강화도 라비린토스펜션,4.0,41.5km,120000.0,p,강화/옹진,28710
632,강화도 황금빛펜션,5.0,45km,77471.0,p,강화/옹진,28710
633,석모도 박정아펜션,5.0,55.2km,80000.0,p,강화/옹진,28710
634,강화도 골드뷰펜션,5.0,49.3km,77471.0,p,강화/옹진,28710
635,대부도(영흥도) 바다지기펜션,3.6,53.9km,77471.0,p,강화/옹진,28710
636,대부도(영흥도) 우성리조트펜션,3.4,50.8km,70000.0,p,강화/옹진,28710
637,석모도(섬) 바닷가하얀집펜션,4.2,54.7km,100000.0,p,강화/옹진,28710
638,강화도 들국화펜션,4.4,41.5km,50000.0,p,강화/옹진,28710
639,강화도 편의점펜션,4.7,자체픽업 가능-49.4km,52000.0,p,강화/옹진,28710
640,강화도 샤르망펜션,4.7,48.3km,70000.0,p,강화/옹진,28710
641,대부도(영흥도) 골드펜션,4.6,자체픽업 가능-54.1km,77471.0,p,강화/옹진,28710
642,강화도 펜션썸,4.5,48.2km,110000.0,p,강화/옹진,28710
643,대부도(영흥도) 썬라이즈펜션,4.5,53.9km,69000.0,p,강화/옹진,28710
644,강화도 노랑펜션,4.5,42.9km,150000.0,p,강화/옹진,28710
645,강화도 신선지어깨동무펜션,3.0,49.8km,100000.0,p,강화/옹진,28710
646,석모도(섬) 하얀날개펜션,4.9,56.4km,120000.0,p,강화/옹진,28710
647,대부도(영흥도) 돔하우스펜션,3.5,51.6km,77471.0,p,강화/옹진,28710
648,강화도 깔끄막희컨집펜션,3.5,47.4km,77471.0,p,강화/옹진,28710
649,강화도 아라뜰펜션1호,4.8,48km,120000.0,p,강화/옹진,28710
650,강화도 자연농원펜션,5.0,38.7km,77471.0,p,강화/옹진,28710
651,강화도 아라뜰펜션데이지,4.8,자체픽업 가능-48km,77471.0,p,강화/옹진,28710
652,강화도 바다가그리운나무펜션,4.0,53.4km,300000.0,p,강화/옹진,28710
653,대부도(영흥도) 포세이돈A펜션,4.6,54.2km,126500.0,p,강화/옹진,28710
654,대부도(선재도) 선재465펜션,5.0,50.7km,230000.0,p,강화/옹진,28710
655,강화도 아름다운낙조펜션,5.0,자체픽업 가능-50km,110000.0,p,강화/옹진,28710
656,강화도 황금노을펜션,4.7,50.4km,170000.0,p,강화/옹진,28710
657,대부도(선재도) 아침고요바다펜션,4.6,50.9km,77471.0,p,강화/옹진,28710
658,석모도(섬) 늘해랑펜션,4.4,60.1km,70000.0,p,강화/옹진,28710
659,강화도 뷰나인아임파인펜션,4.9,자체픽업 가능-50.6km,120000.0,p,강화/옹진,28710
660,강화도 온세상펜션,5.0,자체픽업 가능-39.9km,130000.0,p,강화/옹진,28710
661,강화도 팜스하우스펜션,4.3,45.2km,70000.0,p,강화/옹진,28710
662,대부도(영흥도) 바다애펜션,4.0,자체픽업 가능-51.4km,80000.0,p,강화/옹진,28710
663,대부도(영흥도) 이몽기가펜션(애견),3.9,자체픽업 가능-54.5km,100000.0,p,강화/옹진,28710
664,대부도(영흥도) 끌레르펜션,3.0,53.3km,70000.0,p,강화/옹진,28710
665,강화도 힐마레펜션,4.6,자체픽업 가능-40.1km,69000.0,p,강화/옹진,28710
666,대부도(영흥도) 풍차와등대펜션,3.5,54.6km,70000.0,p,강화/옹진,28710
667,대부도(영흥도) 바다솔향기펜션,3.5,54.6km,70000.0,p,강화/옹진,28710
668,대부도(영흥도) 그랑블루펜션,4.8,53.2km,77471.0,p,강화/옹진,28710
669,강화도 바오밥펜션,4.8,49.5km,140000.0,p,강화/옹진,28710
670,강화도 루치아펜션,4.4,48.1km,108000.0,p,강화/옹진,28710
671,대부도(선재도) 허밍펜션&커피,4.0,자체픽업 가능-50.8km,100000.0,p,강화/옹진,28710
672,대부도(영흥도) 힐링펜션,4.6,54.3km,60000.0,p,강화/옹진,28710
673,강화도 갈매기의꿈펜션,4.2,38.8km,55000.0,p,강화/옹진,28710
674,강화도 지중해펜션,4.6,자체픽업 가능-50.3km,50000.0,p,강화/옹진,28710
675,대부도(영흥도) 햇빛정원펜션,2.0,53.7km,160000.0,p,강화/옹진,28710
676,강화도 돈대모루펜션,4.2,자체픽업 가능-42.6km,120000.0,p,강화/옹진,28710
677,강화도 황토구들방나래산방펜션,3.5,자체픽업 가능-47.6km,100000.0,p,강화/옹진,28710
678,대부도(영흥도) 숲속펜션,4.8,56.1km,120000.0,p,강화/옹진,28710
679,강화도 은빛비치는들펜션,4.7,43.1km,100000.0,p,강화/옹진,28710
680,강화도 농부의아침펜션,4.9,자체픽업 가능-46.3km,70000.0,p,강화/옹진,28710
681,강화도 노을빛머무는집펜션,4.0,50.5km,300000.0,p,강화/옹진,28710
682,강화도 그랑블루펜션,4.7,38.9km,77471.0,p,강화/옹진,28710
683,강화도 노을칸타타펜션,4.7,48.1km,70000.0,p,강화/옹진,28710
684,강화도 나만의풍경펜션,3.1,44.6km,77471.0,p,강화/옹진,28710
685,대부도(선재도) 휴펜션,3.5,51.1km,80000.0,p,강화/옹진,28710
686,강화도 카펜션,4.7,38.4km,70000.0,p,강화/옹진,28710
687,강화도 추억이있는바다펜션,3.5,54.4km,180000.0,p,강화/옹진,28710
688,강화도 아뜰리에펜션,4.7,자체픽업 가능-50.2km,60000.0,p,강화/옹진,28710
689,강화도 헬기하우스펜션,4.3,자체픽업 가능-51.6km,120000.0,p,강화/옹진,28710
690,강화도 레이첼펜션,4.7,49.1km,100000.0,p,강화/옹진,28710
691,강화도 두꺼비흙집펜션,4.7,50.1km,125000.0,p,강화/옹진,28710
692,대부도(선재도) 종이학펜션,3.9,자체픽업 가능-50.9km,130000.0,p,강화/옹진,28710
693,강화도 해오름빛펜션,5.0,43.3km,50000.0,p,강화/옹진,28710
694,대부도(영흥도) 사람사는세상펜션,5.0,53km,280000.0,p,강화/옹진,28710
695,강화도 섬마을펜션,4.5,자체픽업 가능-37.9km,80000.0,p,강화/옹진,28710
696,강화도 마로니에펜션,1.0,44.9km,60000.0,p,강화/옹진,28710
697,대부도(영흥도) 미림펜션,4.4,54km,65000.0,p,강화/옹진,28710
698,대부도(영흥도) 다비치펜션,4.4,52.7km,70100.0,p,강화/옹진,28710
699,강화도 풍경소리펜션,4.8,49km,60000.0,p,강화/옹진,28710
700,강화도 바이올렛펜션,5.0,자체픽업 가능-50.8km,87000.0,p,강화/옹진,28710
701,대부도(선재도) 바다풍경펜션,5.0,자체픽업 가능-50.6km,300000.0,p,강화/옹진,28710
702,석모도(섬) 해비치펜션,4.1,56.3km,90000.0,p,강화/옹진,28710
703,강화도 향원펜션,5.0,자체픽업 가능-50km,300000.0,p,강화/옹진,28710
704,대부도(영흥도) 힐하우스펜션,4.4,자체픽업 가능-53.9km,39000.0,p,강화/옹진,28710
705,강화도 마음의정원펜션,4.7,50.9km,56000.0,p,강화/옹진,28710
706,강화도 스위트하우스펜션,4.7,50.3km,60000.0,p,강화/옹진,28710
707,대부도(영흥도) 포세이돈B펜션,3.5,54.6km,130000.0,p,강화/옹진,28710
708,을왕리 신도펜션,3.5,자체픽업 가능-44.8km,77471.0,p,강화/옹진,28710
709,대부도(영흥도) 포레스트카라반펜션,3.5,54.1km,77471.0,p,강화/옹진,28710
710,석모도 노루목펜션,4.0,55.1km,60000.0,p,강화/옹진,28710
711,대부도(영흥도) 소풍재펜션,3.5,54.6km,250000.0,p,강화/옹진,28710
712,대부도(선재도) 미스터오션펜션,5.0,50.9km,300000.0,p,강화/옹진,28710
713,강화도(석모도) 하늘나루펜션,4.5,53.3km,70000.0,p,강화/옹진,28710
714,강화도 SUN996펜션,3.5,39.6km,880000.0,p,강화/옹진,28710
715,영흥도 봉비치펜션,5.0,51.1km,120000.0,p,강화/옹진,28710
716,대부도(영흥도) 우노팰리스펜션(별관),5.0,53.9km,100000.0,p,강화/옹진,28710
717,대부도(영흥도) 바다로가는펜션,5.0,53.8km,70000.0,p,강화/옹진,28710
718,대부도(선재도) 바다펜션,3.5,52.7km,77471.0,p,강화/옹진,28710
719,강화도 별빛펜션,3.5,46.8km,150000.0,p,강화/옹진,28710
720,강화도 신화팀버하우스펜션,5.0,56.5km,69000.0,p,강화/옹진,28710
721,강화도 한우리펜션,3.5,47.5km,130000.0,p,강화/옹진,28710
722,강화도 바다배펜션,3.5,47.7km,70000.0,p,강화/옹진,28710
723,강화도 물돌이야기펜션,5.0,자체픽업 가능-49.6km,77471.0,p,강화/옹진,28710
724,강화 하나와엘리스펜션,4.5,43.6km,79000.0,p,강화/옹진,28710
725,강화도 오아시스펜션,3.5,49.6km,77471.0,p,강화/옹진,28710
726,강화도 혜윰펜션(독채),4.5,51.9km,72000.0,p,강화/옹진,28710
727,대부도(영흥도) 클로버펜션,4.3,53.7km,40500.0,p,강화/옹진,28710
728,강화도 산토끼펜션,3.5,43.5km,60000.0,p,강화/옹진,28710
729,강화도 세상이보이는집펜션,4.5,54.3km,100000.0,p,강화/옹진,28710
730,대부도(영흥도) 모모카라반,5.0,54.6km,150000.0,p,강화/옹진,28710
731,강화도 제임스펜션,3.5,52.2km,200000.0,p,강화/옹진,28710
732,강화도 젤코바펜션,3.5,50km,330000.0,p,강화/옹진,28710
733,강화도 석가헌펜션,5.0,41.3km,350000.0,p,강화/옹진,28710
734,대부도(영흥도) 아트인하우스펜션,4.0,54.5km,80000.0,p,강화/옹진,28710
735,대부도(영흥도) 해마루펜션,3.5,50.2km,50000.0,p,강화/옹진,28710
736,강화도 소트리팜펜션,4.8,44.2km,70000.0,p,강화/옹진,28710
737,강화도 민들레펜션,5.0,51.1km,90000.0,p,강화/옹진,28710
738,"강화도 바닷가숲속펜션(단체,워크샵)",4.0,38.3km,100000.0,p,강화/옹진,28710
739,강화도 아이엠스파앤키즈펜션,4.8,47.7km,220000.0,p,강화/옹진,28710
740,대부도(영흥도) 솔펜션,3.5,53.9km,250000.0,p,강화/옹진,28710
741,강화도 마니꼴똥돼지펜션,4.3,50.2km,150000.0,p,강화/옹진,28710
742,강화도 스카이블루테라피펜션,4.2,49.6km,45000.0,p,강화/옹진,28710
743,대부도(영흥도) 아침해변펜션,5.0,51km,77471.0,p,강화/옹진,28710
744,옹진 태림펜션,4.7,자체픽업 가능-44.6km,69000.0,p,강화/옹진,28710
745,강화도 산타루치아펜션,4.8,50.4km,89000.0,p,강화/옹진,28710
746,대부도(선재도) 명화펜션,3.5,51.1km,250000.0,p,강화/옹진,28710
747,대부도(영흥도) 미리내펫하우스(애견),5.0,53.3km,89000.0,p,강화/옹진,28710
748,강화도 하나펜션,3.5,50.4km,75000.0,p,강화/옹진,28710
749,대부도(영흥도) 벤지애견펜션,4.8,54.1km,65000.0,p,강화/옹진,28710
750,대부도(영흥도) 25시펜션,4.7,54.2km,65000.0,p,강화/옹진,28710
751,강화도 갯마을펜션,3.0,37.9km,69000.0,p,강화/옹진,28710
752,강화도 무지개글램핑장,4.4,50.2km,125000.0,p,강화/옹진,28710
753,강화도 힐링하우스펜션,4.9,47.4km,200000.0,p,강화/옹진,28710
754,강화도 유한펜션,3.5,54.4km,60000.0,p,강화/옹진,28710
755,강화도 피노키오랑코끼리펜션,5.0,48.3km,150000.0,p,강화/옹진,28710
756,대부도(선재도) 아리랑힐호텔n리조트,5.0,50.7km,80000.0,p,강화/옹진,28710
757,대부도(선재도) 블랑펜션,4.8,50.4km,170000.0,p,강화/옹진,28710
758,강화도 별빛가람펜션,4.9,자체픽업 가능-48.5km,77471.0,p,강화/옹진,28710
759,대부도(선재도) 선재도테마펜션,2.5,51.6km,50000.0,p,강화/옹진,28710
760,대부도(영흥도) 청호1박2일애견펜션,5.0,자체픽업 가능-51.2km,150000.0,p,강화/옹진,28710
761,강화도 꿈길속에펜션,4.8,42.6km,120000.0,p,강화/옹진,28710
762,대부도(영흥도) 스테이트하우스펜션,4.0,53.9km,59000.0,p,강화/옹진,28710
763,강화도 별밭지기펜션,4.3,48.8km,35000.0,p,강화/옹진,28710
764,강화도 느티나무펜션,3.8,50.1km,39000.0,p,강화/옹진,28710
765,강화도 그랑빌펜션,5.0,38.5km,69000.0,p,강화/옹진,28710
766,강화도 아모테카페펜션,4.8,42.6km,77471.0,p,강화/옹진,28710
767,대부도(영흥도) 농어바위펜션,3.0,52.9km,80000.0,p,강화/옹진,28710
768,강화도 갈릴리펜션,4.1,43.5km,80000.0,p,강화/옹진,28710
769,대부도(선재도) 빠체스파펜션,4.7,51.2km,150000.0,p,강화/옹진,28710
770,대부도(영흥도) 영화펜션,3.7,55.1km,60000.0,p,강화/옹진,28710
771,대부도(선재도) 조은펜션,4.3,50.2km,60000.0,p,강화/옹진,28710
772,강화도 해피빌리펜션,4.4,50.3km,77471.0,p,강화/옹진,28710
773,강화도 휴노을펜션,5.0,50.1km,98000.0,p,강화/옹진,28710
774,강화도 휴젠리조트펜션,3.5,42.9km,90000.0,p,강화/옹진,28710
775,강화도 달빛샘물펜션,3.7,49.5km,50000.0,p,강화/옹진,28710
776,강화도 라스텔라펜션,5.0,49.1km,210000.0,p,강화/옹진,28710
777,대부도(선재도) 위드해지개펜션,4.1,50.3km,39000.0,p,강화/옹진,28710
778,대부도(영흥도) 누에보펜션,4.5,자체픽업 가능-52.6km,119000.0,p,강화/옹진,28710
779,강화도 자연청람펜션,5.0,47.8km,350000.0,p,강화/옹진,28710
780,강화도 아라펜션,4.8,50km,55000.0,p,강화/옹진,28710
781,대부도(선재도) 마작펜션,5.0,50.5km,120000.0,p,강화/옹진,28710
782,강화도 펜션제제,4.5,48.1km,120000.0,p,강화/옹진,28710
783,강화도 아침펜션&캠핑장,4.7,41.4km,40000.0,p,강화/옹진,28710
784,강화도 파스텔펜션,4.8,45.2km,77471.0,p,강화/옹진,28710
785,강화도 새벽별바다펜션,4.6,48.9km,99000.0,p,강화/옹진,28710
786,강화도 해오름펜션,4.5,50.1km,150000.0,p,강화/옹진,28710
787,강화도 프랑스가든펜션,3.5,51.9km,77471.0,p,강화/옹진,28710
788,대부도(영흥도) 로마스파펜션,3.5,50.5km,58500.0,p,강화/옹진,28710
789,강화도 동막스파 펜션,5.0,45.1km,75000.0,p,강화/옹진,28710
790,강화도 솔오름 펜션,3.4,43.2km,65000.0,p,강화/옹진,28710
791,옹진 매료37.5펜션,4.9,자체픽업 가능-43.3km,77471.0,p,강화/옹진,28710
792,강화도 솔정펜션,4.2,39.5km,100000.0,p,강화/옹진,28710
793,강화도 금강마을펜션,3.8,43.4km,40000.0,p,강화/옹진,28710
794,대부도(영흥도) B급하우스채하펜션,4.0,53.6km,45000.0,p,강화/옹진,28710
795,강화 노을바다 펜션,4.6,54.3km,90000.0,p,강화/옹진,28710
796,강화 별빛별장 펜션,3.5,48.4km,450000.0,p,강화/옹진,28710
797,대부도(선재도) 아라펜션,5.0,자체픽업 가능-50.3km,79000.0,p,강화/옹진,28710
798,영흥도 측도 펜션,5.0,자체픽업 가능-52.3km,120000.0,p,강화/옹진,28710
799,옹진 영화속풍경 펜션,4.8,45.5km,77471.0,p,강화/옹진,28710
800,강화도 타운하우스펜션(더리제),4.7,49.8km,360000.0,p,강화/옹진,28710
801,강화도 초당황토펜션,5.0,자체픽업 가능-51.6km,200000.0,p,강화/옹진,28710
802,강화도 J모텔펜션,4.2,52.9km,40000.0,p,강화/옹진,28710
803,강화도 아트밸리펜션,4.0,47.7km,70000.0,p,강화/옹진,28710
804,석모도 스텔라펜션,4.4,56.4km,70000.0,p,강화/옹진,28710
805,강화도 UN본부펜션,5.0,40.8km,110000.0,p,강화/옹진,28710
806,강화도 해돋이펜션,1.0,42.7km,77471.0,p,강화/옹진,28710
807,강화도 해와달펜션,4.3,47.4km,100000.0,p,강화/옹진,28710
808,강화도 바르비종펜션,5.0,자체픽업 가능-49.8km,85000.0,p,강화/옹진,28710
809,강화도 아띠하우스펜션,4.5,53.6km,150000.0,p,강화/옹진,28710
810,강화도 은가비펜션,4.9,50km,70000.0,p,강화/옹진,28710
811,강화도 황청덕산펜션,4.0,53.6km,230000.0,p,강화/옹진,28710
812,강화도 베로니카네집펜션,5.0,53.8km,200000.0,p,강화/옹진,28710
813,강화도 쑥쑥펜션,4.7,50.1km,60000.0,p,강화/옹진,28710
814,강화도 별장아원펜션,3.5,50.4km,350000.0,p,강화/옹진,28710
815,석모도 장구너머펜션,4.3,자체픽업 가능-55.3km,80000.0,p,강화/옹진,28710
816,강화도 늘푸른호숫가펜션,4.7,43.1km,100000.0,p,강화/옹진,28710
817,강화도 숲속의아침펜션,3.3,45.9km,80000.0,p,강화/옹진,28710
818,대부도(영흥도) 페어리랜드펜션,3.3,55.2km,100000.0,p,강화/옹진,28710
819,강화도 글로리아펜션,4.3,자체픽업 가능-50.8km,120000.0,p,강화/옹진,28710
820,강화도 옛날에금잔디펜션,5.0,51.8km,280000.0,p,강화/옹진,28710
821,강화도 고벵이펜션,4.6,50.3km,77471.0,p,강화/옹진,28710
822,강화도 바다정원펜션,5.0,54.9km,350000.0,p,강화/옹진,28710
823,강화도 나니하우스펜션,4.9,자체픽업 가능-45.1km,230000.0,p,강화/옹진,28710
824,강화도 정이넘치는펜션,4.7,자체픽업 가능-48.1km,140000.0,p,강화/옹진,28710
825,강화도 물돌행복한펜션,3.5,자체픽업 가능-49.7km,77471.0,p,강화/옹진,28710
826,강화도 한울다솜펜션,3.5,56.5km,120000.0,p,강화/옹진,28710
827,강화도 오류내우리집펜션,3.5,48.3km,400000.0,p,강화/옹진,28710
828,강화도 메종드라메르펜션,4.8,자체픽업 가능-42.8km,130000.0,p,강화/옹진,28710
829,"강화도 옥타곤펜션(독채,애견동반)",5.0,42km,170000.0,p,강화/옹진,28710
830,강화도 외포항별장펜션,4.0,52.5km,160000.0,p,강화/옹진,28710
831,대부도(영흥도) 인너하임퀸하우스펜션,3.9,52.2km,100000.0,p,강화/옹진,28710
832,강화도(석모도) 헬로카라반,5.0,자체픽업 가능-54.5km,77471.0,p,강화/옹진,28710
833,대부도(영흥도) 점석이네집펜션,4.9,54.5km,77471.0,p,강화/옹진,28710
834,대부도(영흥도) 풍경채펜션,3.5,54.1km,400000.0,p,강화/옹진,28710
835,강화도 준라이브펜션,5.0,50.7km,60000.0,p,강화/옹진,28710
836,대부도(선재도) 1985펜션,4.2,50.7km,89000.0,p,강화/옹진,28710
837,강화도 썬댄스펜션,4.5,44.7km,59000.0,p,강화/옹진,28710
838,강화도 별님펜션,3.5,38.6km,120000.0,p,강화/옹진,28710
839,강화도 마니산펜션,2.0,45.6km,70000.0,p,강화/옹진,28710
840,강화도 마리펜션,4.7,자체픽업 가능-50.5km,110000.0,p,강화/옹진,28710
841,강화도(석모도) 스케치펜션,4.2,자체픽업 가능-54.6km,75000.0,p,강화/옹진,28710
842,강화도 정원펜션,4.7,43.1km,70000.0,p,강화/옹진,28710
843,강화도 품안에펜션,3.5,38.6km,60000.0,p,강화/옹진,28710
844,대부도(영흥도) 안스갤러리펜션,5.0,51.2km,250000.0,p,강화/옹진,28710
845,강화도 노을과바다펜션,3.5,54.8km,450000.0,p,강화/옹진,28710
846,강화도 바로펜션,5.0,자체픽업 가능-41.2km,59000.0,p,강화/옹진,28710
847,대부도(영흥도) W에덴펜션,4.6,50.9km,130000.0,p,강화/옹진,28710
848,대부도(영흥도) 솔마루민박펜션,4.7,53.8km,60000.0,p,강화/옹진,28710
849,강화도 펜션달,5.0,48km,77471.0,p,강화/옹진,28710
850,강화도 하늘빛펜션,4.6,49.6km,77471.0,p,강화/옹진,28710
851,강화도 몽마르뜨펜션,3.5,42.7km,80000.0,p,강화/옹진,28710
852,강화도 더스테이하우스펜션,3.5,50.5km,170000.0,p,강화/옹진,28710
853,강화도 마음속에그린집펜션,4.8,42.7km,80000.0,p,강화/옹진,28710
854,대부도(선재도) 달달펜션,4.7,51.2km,77471.0,p,강화/옹진,28710
855,강화도 터펜션,4.7,49.6km,77471.0,p,강화/옹진,28710
856,강화도 마리나펜션,4.0,43.1km,48000.0,p,강화/옹진,28710
857,강화도 바닷가노을펜션,5.0,자체픽업 가능-40.2km,120000.0,p,강화/옹진,28710
858,대부도(선재도) 가마솥펜션,3.5,50.9km,77471.0,p,강화/옹진,28710
859,대부도(영흥도) 온더비치풀빌라,4.4,50.6km,179000.0,p,강화/옹진,28710
860,대부도(영흥도) 바다뜰펜션,4.5,53.6km,77471.0,p,강화/옹진,28710
861,대부도(영흥도) 오블리크198풀빌라펜션,4.6,자체픽업 가능-52.7km,210000.0,p,강화/옹진,28710
862,대부도(영흥도) 무지개펜션,4.4,자체픽업 가능-54.5km,70000.0,p,강화/옹진,28710
863,대부도(선재도) 아메리카노펜션,5.0,50.9km,77471.0,p,강화/옹진,28710
864,강화도 랑블리펜션,3.5,50.5km,260000.0,p,강화/옹진,28710
865,강화도 태양의해변펜션,4.4,자체픽업 가능-49.9km,100000.0,p,강화/옹진,28710
866,대부도(선재도) 블루라떼풀빌라펜션,4.4,마트픽업 가능-51km,250000.0,p,강화/옹진,28710
867,대부도(영흥도) 모래시계펜션,4.6,자체픽업 가능-53.3km,80000.0,p,강화/옹진,28710
868,옹진(장봉도) 휴앤뷰펜션,5.0,자체픽업 가능-54.2km,80000.0,p,강화/옹진,28710
869,대부도(영흥도) 세라핌펜션,3.5,51.5km,100000.0,p,강화/옹진,28710
870,대부도(영흥도) 래리펜션,4.5,51.6km,120000.0,p,강화/옹진,28710
871,대부도(영흥도) 에버그린펜션,4.3,자체픽업 가능-51.6km,77471.0,p,강화/옹진,28710
872,강화도 동그라미펜션,4.6,자체픽업 가능-50.3km,99000.0,p,강화/옹진,28710
873,강화도 오라펜션,4.8,50.5km,120000.0,p,강화/옹진,28710
874,강화도 장보고한옥펜션,3.5,49.2km,180000.0,p,강화/옹진,28710
875,대부도(영흥도) 미스터와이,4.8,자체픽업 가능-53.6km,190000.0,p,강화/옹진,28710
876,강화도 하늘샘물펜션,5.0,자체픽업 가능-53.9km,90000.0,p,강화/옹진,28710
877,석모도(섬) 언덕위에하얀집펜션,4.4,56.3km,75000.0,p,강화/옹진,28710
878,"강화도 카타나펜션(스파,노래방,당구장)",4.7,자체픽업 가능-43.5km,69000.0,p,강화/옹진,28710
879,대부도(영흥도) 그로브리조트펜션,5.0,자체픽업 가능-55.2km,150000.0,p,강화/옹진,28710
880,강화도 비체나하우스펜션,4.2,42.9km,77471.0,p,강화/옹진,28710
881,대부도(선재도) 모드니에펜션,4.8,자체픽업 가능-50.6km,105000.0,p,강화/옹진,28710
882,강화도 동막골바다펜션,4.5,자체픽업 가능-42.9km,120000.0,p,강화/옹진,28710
883,강화도 바닷가에산장펜션,4.0,53.2km,60000.0,p,강화/옹진,28710
884,강화도 카우스톨펜션,5.0,50.5km,120000.0,p,강화/옹진,28710
885,강화도 늘푸른펜션,4.5,자체픽업 가능-48.6km,70000.0,p,강화/옹진,28710
886,강화도 데일리펜션,4.5,44.8km,50000.0,p,강화/옹진,28710
887,대부도(영흥도) 아로하펜션,4.8,자체픽업 가능-55.3km,150000.0,p,강화/옹진,28710
888,대부도(선재도) 위드유펜션,4.6,자체픽업 가능-50.5km,79000.0,p,강화/옹진,28710
889,대부도(선재도) 선아일랜드펜션,4.4,51.5km,49000.0,p,강화/옹진,28710
890,강화도 소고펜션,4.6,자체픽업 가능-49.4km,70000.0,p,강화/옹진,28710
891,강화도 해마루펜션(애견펜션),4.9,49.4km,65000.0,p,강화/옹진,28710
892,강화도 화이트스톤펜션,4.7,49.4km,77471.0,p,강화/옹진,28710
893,강화도 물빛인쇄소펜션,5.0,45km,130000.0,p,강화/옹진,28710
894,"강화도 요정들의선물펜션(오션뷰,스파)",3.8,42.7km,77471.0,p,강화/옹진,28710
895,석모도 심플하우스펜션,4.0,자체픽업 가능-52.1km,100000.0,p,강화/옹진,28710
896,대부도(선재도) 힐펜트하우스펜션,4.3,자체픽업 가능-50.6km,330000.0,p,강화/옹진,28710
897,강화도 바다빛노을동산펜션,4.8,자체픽업 가능-50.1km,77471.0,p,강화/옹진,28710
898,대부도(선재도) 블루라떼펜션,4.2,51km,70000.0,p,강화/옹진,28710
899,대부도(영흥도) 포르토펜션,4.8,자체픽업 가능-51.6km,90000.0,p,강화/옹진,28710
900,강화도 메카펜션,4.6,50.2km,70000.0,p,강화/옹진,28710
901,강화도 설레임펜션,4.1,자체픽업 가능-50.2km,77471.0,p,강화/옹진,28710
902,강화도 하나비펜션,4.3,49.2km,90000.0,p,강화/옹진,28710
903,강화도 솔향기펜션,5.0,자체픽업 가능-50.9km,200000.0,p,강화/옹진,28710
904,강화도 팜펜션,3.5,50.9km,200000.0,p,강화/옹진,28710
905,강화도 힐링11번가펜션,4.8,자체픽업 가능-50.2km,120000.0,p,강화/옹진,28710
906,강화도 벧엘펜션,1.0,자체픽업 가능-50.8km,70000.0,p,강화/옹진,28710
907,대부도(선재도) 아이리스펜션,4.4,50.5km,79000.0,p,강화/옹진,28710
908,강화도 마차펜션,5.0,자체픽업 가능-51km,77471.0,p,강화/옹진,28710
909,강화도 플루메리아펜션,4.8,자체픽업 가능-50.4km,77471.0,p,강화/옹진,28710
910,강화도 플로망스펜션(개별온수수영장),4.4,자체픽업 가능-50.5km,90000.0,p,강화/옹진,28710
911,옹진(신도) 메르메종펜션,4.8,자체픽업 가능-44.7km,70000.0,p,강화/옹진,28710
912,대부도(영흥도) 우노팰리스펜션,3.5,자체픽업 가능-54.3km,180000.0,p,강화/옹진,28710
913,강화도 해밀펜션,3.8,자체픽업 가능-41.2km,90000.0,p,강화/옹진,28710
914,강화도 하늘정원펜션,3.0,자체픽업 가능-48.2km,100000.0,p,강화/옹진,28710
915,대부도(영흥도) 왕건마을펜션,2.5,51.6km,77471.0,p,강화/옹진,28710
916,대부도(선재도) 드무리마레블루펜션,4.5,자체픽업 가능-50.5km,59000.0,p,강화/옹진,28710
917,강화도 동검펜션,5.0,자체픽업 가능-37.6km,130000.0,p,강화/옹진,28710
918,강화도 해나루펜션,4.9,37.4km,80000.0,p,강화/옹진,28710
919,대부도(영흥도) 오페라하우스펜션,4.2,54km,77471.0,p,강화/옹진,28710
920,강화도 강화펜션밴드(독채),5.0,자체픽업 가능-48km,200000.0,p,강화/옹진,28710
921,강화도 송화펜션,5.0,48.4km,450000.0,p,강화/옹진,28710
922,강화도 갑비고차펜션,5.0,47km,200000.0,p,강화/옹진,28710
923,강화도 지베르니펜션(전객실 실내바베큐장),4.1,53.1km,90000.0,p,강화/옹진,28710
924,대부도(영흥도) 여우별펜션,4.7,54km,65000.0,p,강화/옹진,28710
925,강화도 제이휴펜션,3.5,50.2km,130000.0,p,강화/옹진,28710
926,강화도 핑크하우스펜션,5.0,50.5km,77471.0,p,강화/옹진,28710
927,강화도 499펜션,4.9,38.5km,100000.0,p,강화/옹진,28710
928,대부도(영흥도) 장경리해비치펜션,4.2,자체픽업 가능-53.6km,40000.0,p,강화/옹진,28710
929,강화도 예플로펜션,4.4,42.8km,80000.0,p,강화/옹진,28710
930,강화도 메종스텔라펜션,5.0,자체픽업 가능-42.3km,150000.0,p,강화/옹진,28710
931,대부도(영흥도)  인너하임그림이네72리조트,3.9,55.7km,77471.0,p,강화/옹진,28710
932,강화도 호텔무무&펜션,4.7,43.2km,170000.0,p,강화/옹진,28710
933,강화도 바다야펜션,3.5,48.5km,77471.0,p,강화/옹진,28710
934,인천 장락재 한옥스테이,5.0,마니산-46km,77471.0,g,강화/옹진,28710
935,인천 위플레이독 게스트하우스,3.5,강화 나들길 8코스-38.2km,77471.0,g,강화/옹진,28710
936,강화 은빛바다추억 게스트하우스,3.5,40.9km,77471.0,g,강화/옹진,28710
937,강화 스파인카라반 게스트하우스,5.0,강화터미널-38.8km,77471.0,g,강화/옹진,28710
938,초지 강화도령 펜션,3.5,초지인삼센터-38.3km,120000.0,g,강화/옹진,28710
939,인천 해미래 독채,3.5,십리포해수욕장-51.2km,189000.0,g,강화/옹진,28710
940,인천(간석동) SL호텔,4.8,간석오거리역 도보 5분-23km,30000.0,m,동암/간석,28200
941,인천(간석동) 파이,4.6,간석오거리역 도보 10분-23.1km,35000.0,m,동암/간석,28200
942,인천(간석동) 넘버25 인천간석점,4.6,간석역 도보 5분거리-23.1km,40000.0,m,동암/간석,28200
943,인천(간석동) 모노호텔,4.5,간석오거리역 3번출구-23.2km,30000.0,m,동암/간석,28200
944,인천(동암) 호텔 오후,3.5,23.5km,30000.0,m,동암/간석,28200
945,동암 고추잠자리 호텔,4.5,동암역 2번출구 도보5분-23.5km,30000.0,m,동암/간석,28200
946,인천(동암) 피카소,4.6,지하철1호선 동암역 2번출구-23.5km,25000.0,m,동암/간석,28200
947,인천(동암) 느낌 호텔,4.7,23.4km,30000.0,m,동암/간석,28200
948,인천(간석동) 로제,4.4,간석오거리역 도보 2분-23.2km,35000.0,m,동암/간석,28200
949,인천(동암) 호텔민트,4.8,23.5km,30000.0,m,동암/간석,28200
950,인천(동암) 홈,4.7,1호선 동암역 2번 출구-23.5km,23000.0,m,동암/간석,28200
951,인천(간석동) 노블레스,4.8,22.8km,35000.0,m,동암/간석,28200
952,인천(간석동) 알리스위트,4.7,간석오거리역 4번출구 방향-23.2km,40000.0,m,동암/간석,28200
953,인천(동암) 호텔베네,4.5,1호선 동암역 도보 2분-23.4km,30000.0,m,동암/간석,28200
954,인천(간석동) 골든호텔,4.7,인천선 간석오거리역-23.2km,60000.0,m,동암/간석,28200
955,인천 간석동 DOS(도스),4.7,23.2km,30000.0,m,동암/간석,28200
956,인천(동암) 두루와,4.7,23.5km,40000.0,m,동암/간석,28200
957,인천(간석동) V3,4.6,23.2km,40000.0,m,동암/간석,28200
958,인천(간석동) 버스,4.6,23.1km,35000.0,m,동암/간석,28200
959,인천(동암) 타임,4.6,23.6km,30000.0,m,동암/간석,28200
960,인천(동암) 르네상스,4.6,동암역 북부광장 도보3분-23.5km,23000.0,m,동암/간석,28200
961,인천(간석동) 필,4.0,23.4km,30000.0,m,동암/간석,28200
962,인천(동암) 린,4.5,23.4km,30000.0,m,동암/간석,28200
963,인천(동암) 수,4.6,23.5km,30000.0,m,동암/간석,28200
964,인천(동암) 필,4.6,1호선 동암역 2번 출구-23.5km,23000.0,m,동암/간석,28200
965,인천(동암) 더 스타일,4.7,인천 동암역 2번 출구 2분-23.4km,25000.0,m,동암/간석,28200
966,인천(간석동) 퀸즈,4.6,23.2km,25000.0,m,동암/간석,28200
967,인천(동암) 쉴,4.6,동암역 2번출구 도보5분-23.5km,23000.0,m,동암/간석,28200
968,인천(간석동) 자바(ZAVA),4.7,23km,30000.0,m,동암/간석,28200
969,인천(간석동) 주얼리,3.5,23.4km,30000.0,m,동암/간석,28200
970,인천(간석동) 코끼리,4.5,23.1km,30000.0,m,동암/간석,28200
971,인천(동암) 골드호텔,4.9,동암역 2번출구 도보2분-23.4km,35000.0,m,동암/간석,28200
972,인천(동암) 리치,4.4,23.5km,22000.0,m,동암/간석,28200
973,인천(간석동) 맘모스,3.8,23.1km,30000.0,m,동암/간석,28200
974,인천(간석동) Q,3.7,23.1km,28000.0,m,동암/간석,28200
975,베스트웨스턴 인천 로얄호텔,4.4,간석오거리역 3번출구 270m-23.1km,62000.0,h,동암/간석,28200
976,알리스위트 호텔 간석동,4.7,간석오거리역 4번출구 도보 5분-23.2km,50000.0,h,동암/간석,28200
977,골든 호텔 인천,4.7,간석오거리역 5번출구 89m-23.2km,65000.0,h,동암/간석,28200
978,인천(소래포구) 스테이25,4.6,소래포구역 2번출구 도보10-25.5km,38000.0,m,남동구,28200
979,인천(소래포구) 카카오,4.4,소래포구역 2번출구 도보5분-25.5km,40000.0,m,남동구,28200
980,인천(호구포) 그랜드팰리스 호텔,4.4,25.8km,23000.0,m,남동구,28200
981,인천(소래포구) 하비비,4.7,소래포구역2번출구 도보5분-25.5km,50000.0,m,남동구,28200
982,인천(소래포구) 루루,4.6,25.5km,40800.0,m,남동구,28200
983,인천(소래포구) SJ,4.6,소래포구역2번출구 도보5분-25.5km,55000.0,m,남동구,28200
984,인천(소래포구) 호텔月,4.5,소래포구역 2번출구 도보5분-25.4km,45000.0,m,남동구,28200
985,인천(소래포구) 폴로 호텔,4.8,25.5km,70000.0,m,남동구,28200
986,인천(호구포) 호텔 리치아노,4.6,수인 호구포구역 20m 이내-27.1km,30000.0,m,남동구,28200
987,인천(소래포구) LUV,4.8,소래포구역 2번출구 도보5분-25.6km,55000.0,m,남동구,28200
988,인천(소래포구) M,4.7,25.5km,38000.0,m,남동구,28200
989,인천(소래포구) 호텔 cacao,4.7,소래포구역 2번출구 도보5분-25.4km,55000.0,m,남동구,28200
990,인천(소래포구) 동아 DA HOTEL,4.4,소래포구역 2번출구-25.5km,25000.0,m,남동구,28200
991,인천(소래포구) 브라운도트,3.5,25.5km,77471.0,m,남동구,28200
992,인천(소래포구) 스카이,3.9,25.5km,77471.0,m,남동구,28200
993,소래포구 SJ디자인,3.7,소래포구역 2번출구 약 450m-25.5km,60000.0,h,남동구,28200
994,인천 파크마린호텔,4.5,소래포구역 도보 3분-25.5km,68000.0,h,남동구,28200
995,소래CACAO관광 호텔,4.6,소래포구역 2번출구 도보 7분-25.5km,60000.0,h,남동구,28200
996,라마다 인천,4.5,소래포구역 2번출구 도보 5분-25.5km,68000.0,h,남동구,28200
997,소래포구 폴로 호텔,4.7,소래포구역 2번출구 도보 4분-25.5km,70000.0,h,남동구,28200
998,그랜드팰리스 호텔 인천,4.3,호구포역 2번출구 60m-27.1km,23000.0,h,남동구,28200
999,소래포구 호텔 루브,4.7,소래포구역 2번출구 도보 5분-25.5km,55000.0,h,남동구,28200
1000,라마다 인천호텔,3.5,소래포구역 2번출구 도보 5분-25.5km,77471.0,h,남동구,28200
1001,인천(숭의동) 썸,4.5,28.5km,30000.0,m,용현/숭의/도화/동구,28140
1002,인천(용현동) CF,4.8,인하대병원 사거리 도보3분-29.5km,35000.0,m,용현/숭의/도화/동구,28140
1003,인천(용현동) 넘버25 인천용현점,4.9,29.6km,40000.0,m,용현/숭의/도화/동구,28140
1004,인천(용현동) 호텔 나무,4.8,29.6km,40000.0,m,용현/숭의/도화/동구,28140
1005,인천(용현동) S,4.7,인하대병원 사거리 인근-29.6km,40000.0,m,용현/숭의/도화/동구,28140
1006,인천(용현동) 정원호텔,4.9,29.9km,45000.0,m,용현/숭의/도화/동구,28140
1007,인천(용현동) 프라하,4.8,차량 5분거리 인하대병원-29.6km,36000.0,m,용현/숭의/도화/동구,28140
1008,인천(용현동) 호텔 빈,4.8,인하대병원 바로 앞 건너편-29.4km,35000.0,m,용현/숭의/도화/동구,28140
1009,인천(숭의동) 붐,4.7,숭의 로터리 인근 위치-28.3km,35000.0,m,용현/숭의/도화/동구,28140
1010,인천(송림동) 호텔아이,4.4,28.1km,30000.0,m,용현/숭의/도화/동구,28140
1011,인천(송림동) IMT,4.7,도원역2번출구 도보5분 -28.1km,35000.0,m,용현/숭의/도화/동구,28140
1012,인천(송림동) 팔레스,4.8,28.1km,30000.0,m,용현/숭의/도화/동구,28140
1013,인천(용현동) 3S,4.8,29.7km,33000.0,m,용현/숭의/도화/동구,28140
1014,인천(도화) 호텔여행,4.6,도화1동 주민센터 보도 5분-26.5km,35000.0,m,용현/숭의/도화/동구,28140
1015,인천(도화) 노블,4.7,26.9km,32000.0,m,용현/숭의/도화/동구,28140
1016,인천(용현동) 에이스,4.8,인하대병원 사거리 도보 3분-29.5km,35000.0,m,용현/숭의/도화/동구,28140
1017,인천(용현동) 써클,4.7,29.6km,60000.0,m,용현/숭의/도화/동구,28140
1018,인천(용현동) G,4.5,풍림 하나로쇼핑센터 인근위치-29.6km,32000.0,m,용현/숭의/도화/동구,28140
1019,인천(송림동) 레인보우,4.3,28.1km,30000.0,m,용현/숭의/도화/동구,28140
1020,인천(용현동)힐링(보훈병원앞),4.4,28.2km,30000.0,m,용현/숭의/도화/동구,28140
1021,인천(용현동) 엘루이,4.4,인하대병원 인근-29.6km,40000.0,m,용현/숭의/도화/동구,28140
1022,인천(숭의동) 피카소,5.0,28.4km,35000.0,m,용현/숭의/도화/동구,28140
1023,인천(용현동) 크라운,4.3,인천 IC 방향-29.8km,77471.0,m,용현/숭의/도화/동구,28140
1024,인천(용현동) 터미널,2.0,숭의역 도보 6분인하대학교 도보 20분도원역 도보 25분-29.1km,30000.0,m,용현/숭의/도화/동구,28140
1025,인천(용현동) 아미가,3.5,29.8km,45000.0,m,용현/숭의/도화/동구,28140
1026,인천 써클호텔,4.6,숭의역 도보 10분-29.6km,70000.0,h,용현/숭의/도화/동구,28140
